idCode,itemCode,koreanName,Update,X0,X1,X2,X3,X4,X5,X6,X7,X8,X9,X10,X11,X12,X13,X14,X15,X16,X17,X18,X19,X20,X21,X22,X23,X24,X25,X26,X27,X28,X29,X30,X31,X32,X33,X34,X35,X36,X37,X38,X39,X40,X41,X42,X43,X44,X45,X46,X47,X48,X49,X50,X51,X52,X53,X54,X55,X56,X57,X58,X59,X60,X61
Y1,A3,스텐볼트,2022-02-13,standard,10,12,15,20,25,30,35,40,45,50,55,60,65,70,75,80,85,90,100,110,120,130,140,150,160,170,180,190,200,,,,,,,,,,,,,,,,,,,,,,,,,,,,,,,,
Y2,A3,스텐볼트,2022-02-13,M3,40,40,42,47,54,60,,,,,,,,,,,,,,,,,,,,,,,,,,,,,,,,,,,,,,,,,,,,,,,,,,,,,,,
Y3,A3,스텐볼트,2022-02-13,M4,34,34,39,39,46,51,,,,,,,,,,,,,,,,,,,,,,,,,,,,,,,,,,,,,,,,,,,,,,,,,,,,,,,
Y4,A3,스텐볼트,2022-02-13,M5,48,48,51,55,62,67,,,,,,,,,,,,,,,,,,,,,,,,,,,,,,,,,,,,,,,,,,,,,,,,,,,,,,,
Y5,A3,스텐볼트,2022-02-13,M6,54,54,60,63,67,73,81,88,96,106,114,123,140,143,147,154,,173,189,316,349,391,426,475,,,,,,,,,,,,,,,,,,,,,,,,,,,,,,,,,,,,,
Y6,A3,스텐볼트,2022-02-13,M8,,,103,114,127,141,158,173,187,202,219,233,248,262,277,291,,322,355,386,432,465,496,527,,,,,,,,,,,,,,,,,,,,,,,,,,,,,,,,,,,,,
Y7,A3,스텐볼트,2022-02-13,M10,,,192,192,208,229,250,271,292,315,335,359,377,405,425,444,,488,537,585,634,673,714,788,1110,1165,1261,1320,1416,,,,,,,,,,,,,,,,,,,,,,,,,,,,,,,,
Y8,A3,스텐볼트,2022-02-13,M12,,,,312,312,339,366,396,432,458,488,521,555,585,615,645,,706,779,840,904,964,1025,1092,1515,1603,1697,1811,1915,,,,,,,,,,,,,,,,,,,,,,,,,,,,,,,,
Y9,A3,스텐볼트,2022-02-13,M14,,,,,487,535,579,623,670,729,740,807,831,899,916,982,,1043,1128,1209,1291,1381,1468,1550,2290,2403,2528,2641,2789,,,,,,,,,,,,,,,,,,,,,,,,,,,,,,,,
Y10,A3,스텐볼트,2022-02-13,M16,,,,,625,671,715,775,832,877,941,1001,1052,1106,1168,1221,,1330,1487,1661,1786,1903,2037,2137,2253,2370,2503,2620,2738,,,,,,,,,,,,,,,,,,,,,,,,,,,,,,,,
Y11,A3,스텐볼트,2022-02-13,M18,,,,,,1287,1287,1287,1341,1395,1494,1566,1645,1719,1796,1891,,2039,2184,2849,2988,3236,3422,3692,4729,4980,5227,5496,5727,,,,,,,,,,,,,,,,,,,,,,,,,,,,,,,,
Y12,A3,스텐볼트,2022-02-13,M20,,,,,,,,1503,1536,1600,1686,1786,1887,1986,2070,2170,2269,2354,2537,2720,2903,3071,3254,3455,3672,3839,4006,4189,4357,,,,,,,,,,,,,,,,,,,,,,,,,,,,,,,,
Y13,A3,스텐볼트,2022-02-13,M22,,,,,,,,,,2240,2351,2479,2552,2736,2864,3012,3122,3250,3506,3763,4021,4277,4498,4736,5282,5550,5831,6175,6321,,,,,,,,,,,,,,,,,,,,,,,,,,,,,,,,
Y14,A3,스텐볼트,2022-02-13,M24,,,,,,,,,,,3524,3591,3659,3746,3905,4065,4245,4406,3922,4189,4424,4674,4973,5208,5525,5925,6041,6510,6675,,,,,,,,,,,,,,,,,,,,,,,,,,,,,,,,
Y15,A4,스텐볼트 인치,2022-02-13,standard,1_2,5_8,3_4,1,1 1_4,1 1_2,2,2 1_2,3,3 1_2,4,4 1_2,5,6,7,8,9,,,,,,,,,,,,,,,,,,,,,,,,,,,,,,,,,,,,,,,,,,,,
Y16,A4,스텐볼트 인치,2022-02-13,1_4,70,72,75,87,102,108,134,168,207,316,339,453,453,562,,,,,,,,,,,,,,,,,,,,,,,,,,,,,,,,,,,,,,,,,,,,,,,
Y17,A4,스텐볼트 인치,2022-02-13,5_16,,,129,147,164,182,221,260,322,384,430,556,556,680,,,,,,,,,,,,,,,,,,,,,,,,,,,,,,,,,,,,,,,,,,,,,,,
Y18,A4,스텐볼트 인치,2022-02-13,3_8,,,170,194,217,240,284,344,400,463,516,650,650,788,1022,1177,,,,,,,,,,,,,,,,,,,,,,,,,,,,,,,,,,,,,,,,,,,,,
Y19,A4,스텐볼트 인치,2022-02-13,1_2,,,,386,432,469,560,654,761,874,951,1210,1210,1424,1762,2003,,,,,,,,,,,,,,,,,,,,,,,,,,,,,,,,,,,,,,,,,,,,,
Y20,A4,스텐볼트 인치,2022-02-13,5_8,,,,857,913,984,1095,1244,1421,1599,1617,2074,2074,2350,2851,3231,,,,,,,,,,,,,,,,,,,,,,,,,,,,,,,,,,,,,,,,,,,,,
Y21,A4,스텐볼트 인치,2022-02-13,3_4,,,,,,1632,1833,2041,2170,2510,2700,3411,3411,3905,4645,5244,,,,,,,,,,,,,,,,,,,,,,,,,,,,,,,,,,,,,,,,,,,,,
Y22,A4,스텐볼트 인치,2022-02-13,7_8,,,,,,,3252,3338,3695,4165,4871,5463,5463,6249,7564,8571,,,,,,,,,,,,,,,,,,,,,,,,,,,,,,,,,,,,,,,,,,,,,
Y23,A4,스텐볼트 인치,2022-02-13,1,,,,,,,,4651,4867,5429,5979,7146,7199,8300,9759,11046,,,,,,,,,,,,,,,,,,,,,,,,,,,,,,,,,,,,,,,,,,,,,
Y24,A1,일반볼트,2022-02-13,standard,10,12,15,20,25,30,35,40,45,50,55,60,65,70,75,80,90,100,110,120,130,140,150,160,170,180,190,200,,,,,,,,,,,,,,,,,,,,,,,,,,,,,,,,,
Y25,A1,일반볼트,2022-02-13,M6,24,24,24,24,24,28,31,33,36,41,43,54,58,66,69,72,79,86,157,172,186,193,207,,,,,,,,,,,,,,,,,,,,,,,,,,,,,,,,,,,,,,
Y26,A1,일반볼트,2022-02-13,M8,,,41,43,48,54,56,59,65,69,76,83,91,92,99,112,116,132,150,170,187,195,248,,,,,,,,,,,,,,,,,,,,,,,,,,,,,,,,,,,,,,
Y27,A1,일반볼트,2022-02-13,M10,,,76,80,82,89,96,106,115,121,130,137,144,152,161,169,185,203,216,232,252,271,281,408,464,528,603,659,,,,,,,,,,,,,,,,,,,,,,,,,,,,,,,,,
Y28,A1,일반볼트,2022-02-13,M12,,,,109,117,130,139,152,163,174,185,199,209,220,232,242,267,289,314,335,357,384,404,505,538,564,603,618,,,,,,,,,,,,,,,,,,,,,,,,,,,,,,,,,
Y29,A1,일반볼트,2022-02-13,M14,,,,,215,216,240,252,267,281,291,312,326,339,361,374,411,447,545,594,627,644,660,1122,1155,1188,1238,1320,,,,,,,,,,,,,,,,,,,,,,,,,,,,,,,,,
Y30,A1,일반볼트,2022-02-13,M16,,,,,252,261,281,291,310,332,351,374,394,419,439,464,501,544,587,630,675,720,761,854,895,918,957,1000,,,,,,,,,,,,,,,,,,,,,,,,,,,,,,,,,
Y31,A1,일반볼트,2022-02-13,M18,,,,,,,,525,540,567,593,612,638,653,679,698,749,792,837,883,924,969,1020,1316,1377,1449,1511,1574,,,,,,,,,,,,,,,,,,,,,,,,,,,,,,,,,
Y32,A1,일반볼트,2022-02-13,M20,,,,,,,,554,577,595,614,640,679,710,739,776,846,915,983,1051,1115,1186,1242,1316,1377,1449,1511,1574,,,,,,,,,,,,,,,,,,,,,,,,,,,,,,,,,
Y33,A1,일반볼트,2022-02-13,M22,,,,,,,,,,786,809,835,860,881,920,956,1047,1131,1213,1297,1381,1461,1542,1628,1718,1792,1872,1954,,,,,,,,,,,,,,,,,,,,,,,,,,,,,,,,,
Y34,A1,일반볼트,2022-02-13,M24,,,,,,,,,,1006,1006,1022,1057,1090,1131,1178,1279,1375,1472,1572,1661,1763,1862,1968,2055,2157,2252,2348,,,,,,,,,,,,,,,,,,,,,,,,,,,,,,,,,
Y35,A2,일반볼트 인치,2022-02-13,standard,1_2,5_8,3_4,1,1 1_4,1 1_2,2,2 1_2,3,3 1_2,4,4 1_2,5,6,7,8,,,,,,,,,,,,,,,,,,,,,,,,,,,,,,,,,,,,,,,,,,,,,
Y36,A2,일반볼트 인치,2022-02-13,1_4,27,27,29,35,39,41,50,62,60,87,104,,176,204,,,,,,,,,,,,,,,,,,,,,,,,,,,,,,,,,,,,,,,,,,,,,,,
Y37,A2,일반볼트 인치,2022-02-13,5_16,41,41,41,45,51,56,66,83,98,110,134,194,194,246,,,,,,,,,,,,,,,,,,,,,,,,,,,,,,,,,,,,,,,,,,,,,,,
Y38,A2,일반볼트 인치,2022-02-13,3_8,,54,57,60,69,78,92,116,134,153,176,215,215,261,435,515,,,,,,,,,,,,,,,,,,,,,,,,,,,,,,,,,,,,,,,,,,,,,
Y39,A2,일반볼트 인치,2022-02-13,1_2,,,,180,200,210,233,344,353,372,387,447,467,540,852,1062,,,,,,,,,,,,,,,,,,,,,,,,,,,,,,,,,,,,,,,,,,,,,
Y40,A2,일반볼트 인치,2022-02-13,5_8,,,,305,327,339,402,459,524,507,651,765,779,908,1482,1749,,,,,,,,,,,,,,,,,,,,,,,,,,,,,,,,,,,,,,,,,,,,,
Y41,A2,일반볼트 인치,2022-02-13,3_4,,,,,,575,612,675,774,869,960,1050,1154,1335,1499,2094,,,,,,,,,,,,,,,,,,,,,,,,,,,,,,,,,,,,,,,,,,,,,
Y42,A2,일반볼트 인치,2022-02-13,7_8,,,,,,,960,1040,1133,1244,1374,1542,1640,1899,2180,2963,,,,,,,,,,,,,,,,,,,,,,,,,,,,,,,,,,,,,,,,,,,,,
Y43,A2,일반볼트 인치,2022-02-13,1,,,,,,,1299,1500,1610,1761,1950,2100,2288,2640,3150,4200,,,,,,,,,,,,,,,,,,,,,,,,,,,,,,,,,,,,,,,,,,,,,
Y44,A20,CM렌치,2022-02-13,standard,6,8,10,12,15,20,25,30,35,40,45,50,55,60,65,70,75,80,90,100,110,120,130,140,150,160,170,180,190,200,210,220,230,240,250,260,270,280,290,300,310,320,330,340,350,,,,,,,,,,,,,,,,
Y45,A20,CM렌치,2022-02-13,M3,14,14,14,14,15,17,20,23,32,35,,,,,,,,,,,,,,,,,,,,,,,,,,,,,,,,,,,,,,,,,,,,,,,,,,,
Y46,A20,CM렌치,2022-02-13,M4,14,14,14,14,17,21,23,26,30,33,37,47,60,72,99,126,153,170,220,289,,,,,,,,,,,,,,,,,,,,,,,,,,,,,,,,,,,,,,,,,
Y47,A20,CM렌치,2022-02-13,M5,15,15,18,19,21,23,26,32,33,38,42,47,61,61,75,75,98,98,117,141,198,216,238,289,334,,,,,,,,,,,,,,,,,,,,,,,,,,,,,,,,,,,,
Y48,A20,CM렌치,2022-02-13,M6,,20,21,22,28,30,33,38,45,51,54,58,66,71,85,85,105,105,124,150,177,198,316,379,469,,,,,,,,,,,,,,,,,,,,,,,,,,,,,,,,,,,,
Y49,A20,CM렌치,2022-02-13,M8,,,40,40,46,52,58,66,73,82,91,98,106,117,125,138,157,157,167,195,325,384,442,460,505,851,902,977,1012,1091,,,,,,,,,,,,,,,,,,,,,,,,,,,,,,,
Y50,A20,CM렌치,2022-02-13,M10,,,,,87,92,99,112,120,131,143,157,167,181,191,208,217,234,261,287,328,372,392,414,438,541,610,667,690,748,,,,,,,,,,,,,,,,,,,,,,,,,,,,,,,
Y51,A20,CM렌치,2022-02-13,M12,,,,,,139,143,160,169,184,202,217,241,261,272,294,305,328,348,392,438,458,502,541,558,749,834,938,994,1064,1332,1426,1455,1528,1637,,,,,,,,,,,,,,,,,,,,,,,,,,
Y52,A20,CM렌치,2022-02-13,M14,,,,,,,,245,256,278,298,320,342,374,394,414,453,477,523,576,646,679,725,769,819,1064,1753,1789,2110,2153,2010,2010,2010,2145,2173,2581,2735,2848,3154,3215,,,,,,,,,,,,,,,,,,,,,
Y53,A20,CM렌치,2022-02-13,M16,,,,,,,315,324,339,361,392,425,447,480,524,558,580,613,679,721,786,852,918,962,1071,1137,1246,1378,1534,1648,2433,2487,2593,2700,2871,3320,3447,3910,3978,4107,4140,4240,4395,4643,4894,,,,,,,,,,,,,,,,
Y54,A20,CM렌치,2022-02-13,M18,,,,,,,,,,,,875,922,965,1022,1071,1119,1169,1256,1347,1457,1566,1889,2014,2148,2335,2536,2797,3046,3305,,,,,,,,,,,,,,,,,,,,,,,,,,,,,,,
Y55,A20,CM렌치,2022-02-13,M20,,,,,,,,,,693,719,743,783,806,828,883,917,969,1081,1166,1251,1333,1455,1581,1664,1743,2154,2186,2218,2345,2612,2780,2997,3052,3256,3630,3738,4160,4740,5951,7298,7534,7765,7999,8231,,,,,,,,,,,,,,,,
Y56,A20,CM렌치,2022-02-13,M22,,,,,,,,,,,,,,1285,1345,1412,1485,1562,1696,1822,1981,2093,2235,2345,2504,2614,2788,2996,3185,3486,,,,,,,,,,,,,,,,,,,,,,,,,,,,,,,
Y57,A20,CM렌치,2022-02-13,M24,,,,,,,,,,,,1445,1445,1445,1499,1556,1633,1711,1885,2044,2186,2313,2519,2678,2837,2996,3170,3359,3772,3993,3895,4056,4217,4377,4537,4699,4814,5019,5179,5339,9938,10210,10404,10831,11259,,,,,,,,,,,,,,,,
Y58,A20,CM렌치,2022-02-13,M30,,,,,,,,,,,,2772,,2772,,2772,,3035,3239,3473,3721,3939,4172,4421,4669,4888,5179,5339,5558,5778,6171,6419,6711,7002,7149,8025,8316,8607,9046,9337,9630,9921,10213,10504,10797,,,,,,,,,,,,,,,,
Y59,A20,CM렌치,2022-02-13,M36,,,,,,,,,,,,4800,,4800,,4800,,4800,5165,5515,5880,6229,6594,6944,7309,7674,8025,8388,8740,9104,9454,9819,10184,10577,10899,11248,11629,12109,12402,12765,13276,13569,14006,14297,14881,,,,,,,,,,,,,,,,
Y60,A24,CM접시렌치,2022-02-13,standard,6,8,10,12,16,20,25,30,35,40,45,50,55,60,65,70,75,80,90,100,,,,,,,,,,,,,,,,,,,,,,,,,,,,,,,,,,,,,,,,,
Y61,A24,CM접시렌치,2022-02-13,M3,8,8,8,9,12,14,15,16,23,25,31,36,,,,,,,,,,,,,,,,,,,,,,,,,,,,,,,,,,,,,,,,,,,,,,,,,
Y62,A24,CM접시렌치,2022-02-13,M4,13,9,10,12,15,14,16,18,25,27,32,38,,,,,,,,,,,,,,,,,,,,,,,,,,,,,,,,,,,,,,,,,,,,,,,,,
Y63,A24,CM접시렌치,2022-02-13,M5,,11,12,14,18,18,20,23,27,29,32,42,,,,,,,,,,,,,,,,,,,,,,,,,,,,,,,,,,,,,,,,,,,,,,,,,
Y64,A24,CM접시렌치,2022-02-13,M6,,17,18,19,20,22,28,32,35,39,48,55,,131,,,,,,,,,,,,,,,,,,,,,,,,,,,,,,,,,,,,,,,,,,,,,,,
Y65,A24,CM접시렌치,2022-02-13,M8,,,,36,38,41,48,54,61,68,78,90,150,180,192,216,,240,,,,,,,,,,,,,,,,,,,,,,,,,,,,,,,,,,,,,,,,,,,
Y66,A24,CM접시렌치,2022-02-13,M10,,,,,64,79,89,93,112,122,134,152,255,269,282,312,,398,,,,,,,,,,,,,,,,,,,,,,,,,,,,,,,,,,,,,,,,,,,
Y67,A24,CM접시렌치,2022-02-13,M12,,,,,,108,128,144,159,172,182,201,229,241,252,276,,499,531,558,,,,,,,,,,,,,,,,,,,,,,,,,,,,,,,,,,,,,,,,,
Y68,A24,CM접시렌치,2022-02-13,M16,,,,,,,,278,308,329,358,396,417,451,524,678,,841,900,867,,,,,,,,,,,,,,,,,,,,,,,,,,,,,,,,,,,,,,,,,
Y69,A24,CM접시렌치,2022-02-13,M20,,,,,,,,,,979,1094,1094,1212,1212,1327,1327,1460,1460,1559,1692,,,,,,,,,,,,,,,,,,,,,,,,,,,,,,,,,,,,,,,,,
Y70,A23,CM둥근렌치,2022-02-13,standard,5,6,8,10,12,16,20,25,30,35,40,45,50,55,60,65,70,80,,,,,,,,,,,,,,,,,,,,,,,,,,,,,,,,,,,,,,,,,,,
Y71,A23,CM둥근렌치,2022-02-13,M3,,9,9,9,10,13,15,16,18,,,,,,,,,,,,,,,,,,,,,,,,,,,,,,,,,,,,,,,,,,,,,,,,,,,,
Y72,A23,CM둥근렌치,2022-02-13,M4,9,9,10,10,12,15,16,17,18,25,28,68,76,,,,,,,,,,,,,,,,,,,,,,,,,,,,,,,,,,,,,,,,,,,,,,,,
Y73,A23,CM둥근렌치,2022-02-13,M5,,12,12,13,14,16,18,20,23,25,29,32,41,,,,,,,,,,,,,,,,,,,,,,,,,,,,,,,,,,,,,,,,,,,,,,,,
Y74,A23,CM둥근렌치,2022-02-13,M6,,,18,18,18,21,23,27,30,32,38,45,52,,,,,,,,,,,,,,,,,,,,,,,,,,,,,,,,,,,,,,,,,,,,,,,,
Y75,A23,CM둥근렌치,2022-02-13,M8,,,,,39,43,47,52,57,63,68,77,84,139,161,168,181,207,,,,,,,,,,,,,,,,,,,,,,,,,,,,,,,,,,,,,,,,,,,
Y76,A23,CM둥근렌치,2022-02-13,M10,,,,,,,110,127,140,148,163,174,182,208,219,230,244,,,,,,,,,,,,,,,,,,,,,,,,,,,,,,,,,,,,,,,,,,,,
Y77,A23,CM둥근렌치,2022-02-13,M12,,,,,,,187,189,203,225,238,250,272,303,319,340,355,,,,,,,,,,,,,,,,,,,,,,,,,,,,,,,,,,,,,,,,,,,,
Y78,A21,STS렌치,2022-02-13,standard,2,3,4,5,6,8,10,12,15,20,25,30,35,40,45,50,55,60,65,70,75,80,90,100,110,120,130,140,150,,,,,,,,,,,,,,,,,,,,,,,,,,,,,,,,
Y79,A21,STS렌치,2022-02-13,M1.6,358,286,286,286,286,358,429,501,715,858,,,,,,,,,,,,,,,,,,,,,,,,,,,,,,,,,,,,,,,,,,,,,,,,,,,
Y80,A21,STS렌치,2022-02-13,M2,143,30,30,30,30,31,33,36,37,39,44,54,,,,,,,,,,,,,,,,,,,,,,,,,,,,,,,,,,,,,,,,,,,,,,,,,
Y81,A21,STS렌치,2022-02-13,M2.5,,30,30,30,30,31,33,36,37,39,44,56,,,,,,,,,,,,,,,,,,,,,,,,,,,,,,,,,,,,,,,,,,,,,,,,,
Y82,A21,STS렌치,2022-02-13,M3,,54,11,11,11,12,13,14,16,19,25,29,34,36,40,43,,,,,,,,,,,,,,,,,,,,,,,,,,,,,,,,,,,,,,,,,,,,,
Y83,A21,STS렌치,2022-02-13,M4,,,,,17,19,20,21,24,27,33,37,41,47,53,60,77,82,,,,,,,,,,,,,,,,,,,,,,,,,,,,,,,,,,,,,,,,,,,
Y84,A21,STS렌치,2022-02-13,M5,,,,,,26,27,30,33,39,46,50,57,63,69,77,223,235,283,290,,,,,,,,,,,,,,,,,,,,,,,,,,,,,,,,,,,,,,,,,
Y85,A21,STS렌치,2022-02-13,M6,,,,,,43,41,46,49,57,64,72,77,86,92,106,130,120,147,136,169,162,180,200,229,245,265,277,296,,,,,,,,,,,,,,,,,,,,,,,,,,,,,,,,
Y86,A21,STS렌치,2022-02-13,M8,,,,,,,158,93,102,114,129,143,157,167,186,200,222,236,250,265,317,147,320,345,390,429,448,478,508,,,,,,,,,,,,,,,,,,,,,,,,,,,,,,,,
Y87,A21,STS렌치,2022-02-13,M10,,,,,,,,,186,200,216,236,257,286,300,329,343,386,400,415,443,472,508,572,615,658,715,758,815,,,,,,,,,,,,,,,,,,,,,,,,,,,,,,,,
Y88,A21,STS렌치,2022-02-13,M12,,,,,,,,,,273,300,329,372,396,429,458,486,515,572,615,636,672,744,787,858,930,972,1058,1115,,,,,,,,,,,,,,,,,,,,,,,,,,,,,,,,
Y89,A21,STS렌치,2022-02-13,M14,,,,,,,,,,,543,523,572,615,644,686,787,787,901,901,987,1073,1144,1323,,,,,,,,,,,,,,,,,,,,,,,,,,,,,,,,,,,,,
Y90,A21,STS렌치,2022-02-13,M16,,,,,,,,,,,,815,844,758,815,858,930,987,1030,1087,1144,1258,1430,1573,1716,1931,2074,2074,2145,,,,,,,,,,,,,,,,,,,,,,,,,,,,,,,,
Y91,A21,STS렌치,2022-02-13,M20,,,,,,,,,,,,,,2002,1716,1788,1931,2002,2503,2145,2646,2302,2488,2646,2789,3003,3146,3346,3575,,,,,,,,,,,,,,,,,,,,,,,,,,,,,,,,
Y92,A25,STS접시렌치,2022-02-13,standard,6,8,10,12,15,20,25,30,35,40,45,50,,,,,,,,,,,,,,,,,,,,,,,,,,,,,,,,,,,,,,,,,,,,,,,,,
Y93,A25,STS접시렌치,2022-02-13,M3,11,11,10,12,13,15,18,33,,,,,,,,,,,,,,,,,,,,,,,,,,,,,,,,,,,,,,,,,,,,,,,,,,,,,
Y94,A25,STS접시렌치,2022-02-13,M4,13,13,15,16,19,22,26,31,,,,,,,,,,,,,,,,,,,,,,,,,,,,,,,,,,,,,,,,,,,,,,,,,,,,,
Y95,A25,STS접시렌치,2022-02-13,M5,,22,24,26,29,34,41,46,,,,,,,,,,,,,,,,,,,,,,,,,,,,,,,,,,,,,,,,,,,,,,,,,,,,,
Y96,A25,STS접시렌치,2022-02-13,M6,,,31,34,40,50,58,69,105,109,,,,,,,,,,,,,,,,,,,,,,,,,,,,,,,,,,,,,,,,,,,,,,,,,,,
Y97,A25,STS접시렌치,2022-02-13,M8,,,65,69,82,87,99,113,125,139,156,172,,,,,,,,,,,,,,,,,,,,,,,,,,,,,,,,,,,,,,,,,,,,,,,,,
Y98,A25,STS접시렌치,2022-02-13,M10,,,,,,137,155,172,192,208,242,258,,,,,,,,,,,,,,,,,,,,,,,,,,,,,,,,,,,,,,,,,,,,,,,,,
Y99,A25,STS접시렌치,2022-02-13,M12,,,,,,,254,275,305,338,374,403,,,,,,,,,,,,,,,,,,,,,,,,,,,,,,,,,,,,,,,,,,,,,,,,,
Y100,A22,STS둥근렌치,2022-02-13,standard,6,8,10,12,15,20,25,30,35,40,45,50,,,,,,,,,,,,,,,,,,,,,,,,,,,,,,,,,,,,,,,,,,,,,,,,,
Y101,A22,STS둥근렌치,2022-02-13,M3,9,9,10,10,11,13,16,18,,,,,,,,,,,,,,,,,,,,,,,,,,,,,,,,,,,,,,,,,,,,,,,,,,,,,
Y102,A22,STS둥근렌치,2022-02-13,M4,16,16,16,17,21,24,29,31,,,,,,,,,,,,,,,,,,,,,,,,,,,,,,,,,,,,,,,,,,,,,,,,,,,,,
Y103,A22,STS둥근렌치,2022-02-13,M5,,22,24,28,31,38,45,52,70,79,,,,,,,,,,,,,,,,,,,,,,,,,,,,,,,,,,,,,,,,,,,,,,,,,,,
Y104,A22,STS둥근렌치,2022-02-13,M6,,41,43,45,48,55,64,70,97,107,,,,,,,,,,,,,,,,,,,,,,,,,,,,,,,,,,,,,,,,,,,,,,,,,,,
Y105,A22,STS둥근렌치,2022-02-13,M8,,,,,86,91,105,118,134,149,230,260,,,,,,,,,,,,,,,,,,,,,,,,,,,,,,,,,,,,,,,,,,,,,,,,,
Y106,A22,STS둥근렌치,2022-02-13,M10,,,,,,148,168,191,210,232,254,277,,,,,,,,,,,,,,,,,,,,,,,,,,,,,,,,,,,,,,,,,,,,,,,,,
Y107,A22,STS둥근렌치,2022-02-13,M12,,,,,,250,269,299,330,376,399,438,,,,,,,,,,,,,,,,,,,,,,,,,,,,,,,,,,,,,,,,,,,,,,,,,
Y108,A27,CM무두렌치,2022-02-13,standard,3,4,5,6,8,10,12,15,16,20,25,30,35,40,45,50,55,60,65,70,75,80,90,100,,,,,,,,,,,,,,,,,,,,,,,,,,,,,,,,,,,,,
Y109,A27,CM무두렌치,2022-02-13,M3,4,4,4,4,6,7,9,14,,,,,,,,,,,,,,,,,,,,,,,,,,,,,,,,,,,,,,,,,,,,,,,,,,,,,
Y110,A27,CM무두렌치,2022-02-13,M4,8,4,4,4,6,7,8,12,,15,31,,,,,,,,,,,,,,,,,,,,,,,,,,,,,,,,,,,,,,,,,,,,,,,,,,
Y111,A27,CM무두렌치,2022-02-13,M5,,,5,5,7,8,9,13,12,18,23,30,,,,,,,,,,,,,,,,,,,,,,,,,,,,,,,,,,,,,,,,,,,,,,,,,
Y112,A27,CM무두렌치,2022-02-13,M6,,,6,6,7,9,10,14,14,19,25,34,41,103,112,120,,,,,,,,,,,,,,,,,,,,,,,,,,,,,,,,,,,,,,,,,,,,,
Y113,A27,CM무두렌치,2022-02-13,M8,,,,15,12,14,16,22,,29,39,44,57,156,171,194,194,216,233,254,,288,,,,,,,,,,,,,,,,,,,,,,,,,,,,,,,,,,,,,,,
Y114,A27,CM무두렌치,2022-02-13,M10,,,,,23,19,22,32,32,44,59,71,90,240,260,290,307,307,359,359,412,412,508,567,,,,,,,,,,,,,,,,,,,,,,,,,,,,,,,,,,,,,
Y115,A27,CM무두렌치,2022-02-13,M12,,,,,,35,33,46,,57,78,91,116,180,229,229,447,447,526,526,601,601,742,832,,,,,,,,,,,,,,,,,,,,,,,,,,,,,,,,,,,,,
Y116,A27,CM무두렌치,2022-02-13,M14,,,,,,,,,250,250,250,350,450,550,600,650,750,,,,,,,,,,,,,,,,,,,,,,,,,,,,,,,,,,,,,,,,,,,,
Y117,A27,CM무두렌치,2022-02-13,M16,,,,,,,,,200,210,220,230,250,310,450,550,773,773,856,856,988,988,1221,1366,,,,,,,,,,,,,,,,,,,,,,,,,,,,,,,,,,,,,
Y118,A27,CM무두렌치,2022-02-13,M20,,,,,,,,,,510,569,615,650,950,1000,1225,1500,1500,1800,1850,2100,2200,2600,3000,,,,,,,,,,,,,,,,,,,,,,,,,,,,,,,,,,,,,
Y119,A26,STS무두렌치,2022-02-13,standard,3,4,5,6,8,10,12,15,20,25,30,35,40,45,50,,,,,,,,,,,,,,,,,,,,,,,,,,,,,,,,,,,,,,,,,,,,,,
Y120,A26,STS무두렌치,2022-02-13,M3,7,6,6,7,7,9,11,16,60,85,200,,,,,,,,,,,,,,,,,,,,,,,,,,,,,,,,,,,,,,,,,,,,,,,,,,
Y121,A26,STS무두렌치,2022-02-13,M4,,7,8,9,10,12,13,17,19,60,90,95,320,380,400,,,,,,,,,,,,,,,,,,,,,,,,,,,,,,,,,,,,,,,,,,,,,,
Y122,A26,STS무두렌치,2022-02-13,M5,,,10,10,12,14,16,21,26,36,90,95,320,380,400,,,,,,,,,,,,,,,,,,,,,,,,,,,,,,,,,,,,,,,,,,,,,,
Y123,A26,STS무두렌치,2022-02-13,M6,,,,13,15,18,21,27,35,45,58,200,210,280,300,,,,,,,,,,,,,,,,,,,,,,,,,,,,,,,,,,,,,,,,,,,,,,
Y124,A26,STS무두렌치,2022-02-13,M8,,,,,23,28,35,48,62,78,92,250,300,330,380,,,,,,,,,,,,,,,,,,,,,,,,,,,,,,,,,,,,,,,,,,,,,,
Y125,A26,STS무두렌치,2022-02-13,M10,,,,,,42,50,70,91,114,141,400,450,510,600,,,,,,,,,,,,,,,,,,,,,,,,,,,,,,,,,,,,,,,,,,,,,,
Y126,A26,STS무두렌치,2022-02-13,M12,,,,,,,75,91,126,164,202,680,810,950,1100,,,,,,,,,,,,,,,,,,,,,,,,,,,,,,,,,,,,,,,,,,,,,,
Y127,A26,STS무두렌치,2022-02-13,M16,,,,,,,,1100,1500,1600,2100,,,,,,,,,,,,,,,,,,,,,,,,,,,,,,,,,,,,,,,,,,,,,,,,,,
Y128,A26,STS무두렌치,2022-02-13,M20,,,,,,,,,2200,3500,,,,,,,,,,,,,,,,,,,,,,,,,,,,,,,,,,,,,,,,,,,,,,,,,,,
Y129,A28,전산볼트,2022-02-13,standard,M5,M6,M8,M10,M12,M14,M16,M18,M20,M22,M24,M27,M30,M36,M39,M42,M48,,,,,,,,,,,,,,,,,,,,,,,,,,,,,,,,,,,,,,,,,,,,
Y130,A28,전산볼트,2022-02-13,STS304,3450,1380,2300,3450,4945,6900,9200,12650,14375,17825,21850,29900,36800,53475,,,,,,,,,,,,,,,,,,,,,,,,,,,,,,,,,,,,,,,,,,,,,,,
Y131,A28,전산볼트,2022-02-13,STS316,,1840,3220,4945,7475,10350,13800,16675,20125,25875,32775,44850,50600,75900,,,,,,,,,,,,,,,,,,,,,,,,,,,,,,,,,,,,,,,,,,,,,,,
Y132,A28,전산볼트,2022-02-13,S45C,,,960,1440,2100,2760,3720,4320,5880,7440,8400,11454,14400,21000,,33000,45600,,,,,,,,,,,,,,,,,,,,,,,,,,,,,,,,,,,,,,,,,,,,
Y133,A28,전산볼트,2022-02-13,B7(SCM),,,3000,3960,6120,7200,8640,9600,10560,12840,19200,21000,27360,45600,63600,73200,,,,,,,,,,,,,,,,,,,,,,,,,,,,,,,,,,,,,,,,,,,,,
Y134,A28,전산볼트,2022-02-13,철(천연색),,660,780,1080,1680,2400,3000,3960,4680,6240,7200,,,,,,,,,,,,,,,,,,,,,,,,,,,,,,,,,,,,,,,,,,,,,,,,,,
Y135,A28,전산볼트,2022-02-13,철(무도금),,540,660,1020,1620,2220,2880,3600,4440,6000,6840,8640,10200,,,,,,,,,,,,,,,,,,,,,,,,,,,,,,,,,,,,,,,,,,,,,,,,
Y136,A29,전산볼트 인치,2022-02-13,standard,1_4,5_16,3_8,1_2 (12산),1_2 (13산),5_8,3_4,7_8,1,1 1_8,1 1_4,"1""1/2",,,,,,,,,,,,,,,,,,,,,,,,,,,,,,,,,,,,,,,,,,,,,,,,,
Y137,A29,전산볼트 인치,2022-02-13,STS304,1380,2300,3105,5520,,8625,13225,18400,26450,37375,43125,,,,,,,,,,,,,,,,,,,,,,,,,,,,,,,,,,,,,,,,,,,,,,,,,,
Y138,A29,전산볼트 인치,2022-02-13,S45C,,,1320,2750,,3300,4950,6930,9350,13200,15400,23100,,,,,,,,,,,,,,,,,,,,,,,,,,,,,,,,,,,,,,,,,,,,,,,,,
Y139,A29,전산볼트 인치,2022-02-13,철(백색),720,840,780,1680,,3000,4200,6000,7800,,,,,,,,,,,,,,,,,,,,,,,,,,,,,,,,,,,,,,,,,,,,,,,,,,,,
Y140,A29,전산볼트 인치,2022-02-13,철(무도금),684,816,756,1620,,2820,4080,5760,7680,,,,,,,,,,,,,,,,,,,,,,,,,,,,,,,,,,,,,,,,,,,,,,,,,,,,
Y141,A30,각산볼트,2022-02-13,standard,1_2,5_8,3_4,7_8,1,M30,1 1_4,M36,1 1_2,2,58,,,,,,,,,,,,,,,,,,,,,,,,,,,,,,,,,,,,,,,,,,,,,,,,,,
Y142,A30,각산볼트,2022-02-13,철,2880,3744,4608,6480,6768,10224,12960,18720,18720,36000,72000,,,,,,,,,,,,,,,,,,,,,,,,,,,,,,,,,,,,,,,,,,,,,,,,,,
Y143,A30,각산볼트,2022-02-13,스텐,,9800,14000,,23800,36400,40600,,56000,196000,,,,,,,,,,,,,,,,,,,,,,,,,,,,,,,,,,,,,,,,,,,,,,,,,,,
Y144,A31,레그스크류 일반,2022-02-13,standard,1 1_2,2,2 1_2,3,3 1_2,4,5,6,7,8,,,,,,,,,,,,,,,,,,,,,,,,,,,,,,,,,,,,,,,,,,,,,,,,,,,
Y145,A31,레그스크류 일반,2022-02-13,1_4,26,34,42,44,55,61,,,,,,,,,,,,,,,,,,,,,,,,,,,,,,,,,,,,,,,,,,,,,,,,,,,,,,,
Y146,A31,레그스크류 일반,2022-02-13,5_16,42,52,61,74,83,94,113,135,,,,,,,,,,,,,,,,,,,,,,,,,,,,,,,,,,,,,,,,,,,,,,,,,,,,,
Y147,A31,레그스크류 일반,2022-02-13,3_8,60,74,90,104,121,135,168,199,231,273,,,,,,,,,,,,,,,,,,,,,,,,,,,,,,,,,,,,,,,,,,,,,,,,,,,
Y148,A31,레그스크류 일반,2022-02-13,1_2,,150,178,208,233,261,326,374,432,504,,,,,,,,,,,,,,,,,,,,,,,,,,,,,,,,,,,,,,,,,,,,,,,,,,,
Y149,A86,각산너트,2022-02-13,standard,1_2,5_8,3_4,7_8,1,M30,1 1_4,M36,1 1_2,2,58,,,,,,,,,,,,,,,,,,,,,,,,,,,,,,,,,,,,,,,,,,,,,,,,,,
Y150,A86,각산너트,2022-02-13,너트(철),,864,1440,2160,2880,4320,5040,7920,9360,17280,43200,,,,,,,,,,,,,,,,,,,,,,,,,,,,,,,,,,,,,,,,,,,,,,,,,,
Y151,A86,각산너트,2022-02-13,너트(스텐),,5040,6720,,8400,14280,16800,,28560,67200,,,,,,,,,,,,,,,,,,,,,,,,,,,,,,,,,,,,,,,,,,,,,,,,,,,
Y152,A32,레그스크류 스텐,2022-02-13,standard,1 1_2,2,2 1_2,3,3 1_2,4,5,6,7,8,,,,,,,,,,,,,,,,,,,,,,,,,,,,,,,,,,,,,,,,,,,,,,,,,,,
Y153,A32,레그스크류 스텐,2022-02-13,1_4,104,131,,,,,,,,,,,,,,,,,,,,,,,,,,,,,,,,,,,,,,,,,,,,,,,,,,,,,,,,,,,
Y154,A32,레그스크류 스텐,2022-02-13,5_16,,196,239,281,,,,,,,,,,,,,,,,,,,,,,,,,,,,,,,,,,,,,,,,,,,,,,,,,,,,,,,,,
Y155,A32,레그스크류 스텐,2022-02-13,3_8,,,350,411,,,,,,,,,,,,,,,,,,,,,,,,,,,,,,,,,,,,,,,,,,,,,,,,,,,,,,,,,
Y156,A32,레그스크류 스텐,2022-02-13,1_2,,,,,,1026,,,,,,,,,,,,,,,,,,,,,,,,,,,,,,,,,,,,,,,,,,,,,,,,,,,,,,,
Y157,A33,아이볼트,2022-02-13,standard,M6,M8,M10,M12,M14,M16,M18,M20,M22,M24,M27,M30,M36,M42,M48,3_8,1_2,,,,,,,,,,,,,,,,,,,,,,,,,,,,,,,,,,,,,,,,,,,,
Y158,A33,아이볼트,2022-02-13,철,300,350,400,600,1000,1300,1500,1500,3000,3500,,6000,9500,23000,49000,400,600,,,,,,,,,,,,,,,,,,,,,,,,,,,,,,,,,,,,,,,,,,,,
Y159,A33,아이볼트,2022-02-13,304,550,600,1100,1700,3500,3500,6000,6500,12000,13000,,39000,70000,110000,155000,1100,1800,,,,,,,,,,,,,,,,,,,,,,,,,,,,,,,,,,,,,,,,,,,,
Y160,A34,아이너트,2022-02-13,standard,M6,M8,M10,M12,M14,M16,M18,M20,M22,M24,M27,M30,M36,M42,M48,3_8,1_2,,,,,,,,,,,,,,,,,,,,,,,,,,,,,,,,,,,,,,,,,,,,
Y161,A34,아이너트,2022-02-13,철,310,360,430,650,1100,1500,1600,1700,3300,3800,,7200,11500,24000,50000,450,650,,,,,,,,,,,,,,,,,,,,,,,,,,,,,,,,,,,,,,,,,,,,
Y162,A34,아이너트,2022-02-13,304,600,650,1200,1800,3600,3600,6000,6500,12000,13000,,39000,70000,110000,155000,1100,1800,,,,,,,,,,,,,,,,,,,,,,,,,,,,,,,,,,,,,,,,,,,,
Y163,A35,경첩볼트 일반,2022-02-13,standard,40,50,60,70,80,90,100,120,150,,,,,,,,,,,,,,,,,,,,,,,,,,,,,,,,,,,,,,,,,,,,,,,,,,,,
Y164,A35,경첩볼트 일반,2022-02-13,M8,320,320,330,360,430,500,550,,,,,,,,,,,,,,,,,,,,,,,,,,,,,,,,,,,,,,,,,,,,,,,,,,,,,,
Y165,A35,경첩볼트 일반,2022-02-13,M10,340,350,400,430,450,500,540,570,600,,,,,,,,,,,,,,,,,,,,,,,,,,,,,,,,,,,,,,,,,,,,,,,,,,,,
Y166,A35,경첩볼트 일반,2022-02-13,M12,,450,500,580,600,650,700,750,800,,,,,,,,,,,,,,,,,,,,,,,,,,,,,,,,,,,,,,,,,,,,,,,,,,,,
Y167,A35,경첩볼트 일반,2022-02-13,M16,,,,850,900,950,1100,1300,1500,,,,,,,,,,,,,,,,,,,,,,,,,,,,,,,,,,,,,,,,,,,,,,,,,,,,
Y168,A35,경첩볼트 일반,2022-02-13,M20,,,,,1500,1600,1700,1850,2000,,,,,,,,,,,,,,,,,,,,,,,,,,,,,,,,,,,,,,,,,,,,,,,,,,,,
Y169,A36,경첩볼트 스텐,2022-02-13,standard,40,50,60,70,80,90,100,120,150,,,,,,,,,,,,,,,,,,,,,,,,,,,,,,,,,,,,,,,,,,,,,,,,,,,,
Y170,A36,경첩볼트 스텐,2022-02-13,M8,960,1000,1100,1200,1300,,,,,,,,,,,,,,,,,,,,,,,,,,,,,,,,,,,,,,,,,,,,,,,,,,,,,,,,
Y171,A36,경첩볼트 스텐,2022-02-13,M10,970,1100,1200,1300,1400,1500,1600,1800,2300,,,,,,,,,,,,,,,,,,,,,,,,,,,,,,,,,,,,,,,,,,,,,,,,,,,,
Y172,A36,경첩볼트 스텐,2022-02-13,M12,1600,1650,1650,1700,1800,1900,2100,2500,3000,,,,,,,,,,,,,,,,,,,,,,,,,,,,,,,,,,,,,,,,,,,,,,,,,,,,
Y173,A36,경첩볼트 스텐,2022-02-13,M16,,,,2700,3200,3500,4000,4500,5000,,,,,,,,,,,,,,,,,,,,,,,,,,,,,,,,,,,,,,,,,,,,,,,,,,,,
Y174,A36,경첩볼트 스텐,2022-02-13,M20,,,,,5200,5500,6000,6300,7000,,,,,,,,,,,,,,,,,,,,,,,,,,,,,,,,,,,,,,,,,,,,,,,,,,,,
Y175,A37,근각볼트 일반,2022-02-13,standard,12,20,25,30,40,50,60,75,90,100,125,150,,,,,,,,,,,,,,,,,,,,,,,,,,,,,,,,,,,,,,,,,,,,,,,,,
Y176,A37,근각볼트 일반,2022-02-13,1_4(6),17,20,25,28,30,40,55,60,65,75,,,,,,,,,,,,,,,,,,,,,,,,,,,,,,,,,,,,,,,,,,,,,,,,,,,
Y177,A37,근각볼트 일반,2022-02-13,5_16(8),,30,35,40,45,53,65,80,95,110,130,,,,,,,,,,,,,,,,,,,,,,,,,,,,,,,,,,,,,,,,,,,,,,,,,,
Y178,A37,근각볼트 일반,2022-02-13,3_8(9),,30,35,50,60,70,80,95,120,140,170,200,,,,,,,,,,,,,,,,,,,,,,,,,,,,,,,,,,,,,,,,,,,,,,,,,
Y179,A37,근각볼트 일반,2022-02-13,M10,,60,70,80,85,95,110,130,140,160,190,260,,,,,,,,,,,,,,,,,,,,,,,,,,,,,,,,,,,,,,,,,,,,,,,,,
Y180,A37,근각볼트 일반,2022-02-13,1_2(12),,,,130,150,160,170,200,230,260,280,320,,,,,,,,,,,,,,,,,,,,,,,,,,,,,,,,,,,,,,,,,,,,,,,,,
Y181,A38,근각볼트 스텐,2022-02-13,,12,20,25,30,40,50,60,75,90,100,125,150,,,,,,,,,,,,,,,,,,,,,,,,,,,,,,,,,,,,,,,,,,,,,,,,,
Y182,A38,근각볼트 스텐,2022-02-13,1_4(6),68,80,100,112,120,160,220,240,,,,,,,,,,,,,,,,,,,,,,,,,,,,,,,,,,,,,,,,,,,,,,,,,,,,,
Y183,A38,근각볼트 스텐,2022-02-13,5_16(8),,120,140,160,180,212,260,320,380,440,520,,,,,,,,,,,,,,,,,,,,,,,,,,,,,,,,,,,,,,,,,,,,,,,,,,
Y184,A38,근각볼트 스텐,2022-02-13,3_8(9),,100,110,150,200,230,300,350,450,500,600,800,,,,,,,,,,,,,,,,,,,,,,,,,,,,,,,,,,,,,,,,,,,,,,,,,
Y185,A38,근각볼트 스텐,2022-02-13,M10,,180,200,230,300,350,500,600,650,800,1000,1200,,,,,,,,,,,,,,,,,,,,,,,,,,,,,,,,,,,,,,,,,,,,,,,,,
Y186,A38,근각볼트 스텐,2022-02-13,1_2(12),,,,,,750,800,900,1100,1300,1500,1700,,,,,,,,,,,,,,,,,,,,,,,,,,,,,,,,,,,,,,,,,,,,,,,,,
Y187,A5,콜라볼트(국산),2022-02-13,standard,12,16,20,25,30,35,40,45,50,55,60,65,70,75,80,85,90,100,110,120,130,140,150,160,170,180,190,200,210,220,230,240,250,260,270,280,290,300,310,320,330,340,350,360,370,380,390,400,410,420,430,440,450,480,500,510,520,530,550,580,600
Y188,A5,콜라볼트(국산),2022-02-13,M6,25,24,27,30,35,35,42,47,56,57,66,68,76,81,85,,97,111,,,,,,,,,,,,,,,,,,,,,,,,,,,,,,,,,,,,,,,,,,,
Y189,A5,콜라볼트(국산),2022-02-13,M8,62,51,53,57,61,71,79,87,92,96,111,122,127,134,145,151,159,178,225,242,260,280,296,,,,,,,,,,,,,,,,,,,,,,,,,,,,,,,,,,,,,,
Y190,A5,콜라볼트(국산),2022-02-13,M10,,86,86,93,100,109,123,131,143,155,162,174,186,197,206,229,240,269,327,351,382,396,427,540,570,602,694,745,689,722,774,806,845,,,1054,,1118,,,,,,,,,,,,,,,,,,,,,,,
Y191,A5,콜라볼트(국산),2022-02-13,M12,,302,139,139,147,158,173,188,204,217,235,248,259,281,295,307,327,353,391,418,448,483,516,667,697,732,766,855,819,858,884,949,1014,1040,,1235,,1287,,,,,,,,,,,,,,,,,,,,,,,
Y192,A5,콜라볼트(국산),2022-02-13,M14,,,,213,230,242,259,282,313,338,364,380,405,427,446,446,484,535,580,635,670,710,755,891,934,988,1045,1094,1422,1496,1566,1639,1705,,,1922,,2058,,,,,,,,,,,,,,,,,,,,,,,
Y193,A5,콜라볼트(국산),2022-02-13,M16,,,,281,281,308,327,351,382,409,429,451,475,508,539,543,591,642,700,753,793,845,897,934,988,1039,1096,1150,1403,1468,1576,1625,1664,2072,2072,2072,2197,2197,,,,,,,,,,,,,,,,,,,,,,,
Y194,A5,콜라볼트(국산),2022-02-13,M18,,,,,,,502,539,570,598,629,667,699,726,745,,827,889,984,1051,1121,1230,1342,1547,1620,1709,1947,2068,1976,2080,2145,2249,2340,2470,2535,2600,2814,2814,,,3263,,3634,,,,,5792,,,,,10938,,12112,,,,,,
Y195,A5,콜라볼트(국산),2022-02-13,M20,,,,,,,555,581,625,672,721,752,796,853,878,878,956,1039,1150,1239,1283,1372,1485,1530,1618,1703,1789,1875,1742,1885,1963,2145,2210,2340,2470,2535,2600,2665,2860,3250,3640,3900,4030,7776,7776,7776,7776,7776,,,,,8697,,9621,,,,,,
Y196,A5,콜라볼트(국산),2022-02-13,M22,,,,,,,,935,840,856,904,972,1026,1079,1139,1139,1229,1321,1463,1575,1640,1758,1871,1975,2061,2167,2270,2463,2275,2405,2483,2574,2665,2860,2990,3250,3315,3380,,,4420,,4550,,,,,8862,,,,,13522,,14957,,,,,,
Y197,A5,콜라볼트(국산),2022-02-13,M24,,,,,,,1214,1214,1072,1112,1127,1169,1214,1307,1361,1399,1516,1668,1791,1913,2003,2101,2249,2392,2495,2612,2721,2852,2730,2860,2925,2990,3120,,,3510,4467,3770,,,,,4940,,,,,8450,,,,,9490,,10400,,,,,,
Y198,A5,콜라볼트(국산),2022-02-13,M27,,,,,,,,,,,1943,1973,1973,2004,2095,2171,2201,2429,2657,2766,2899,3097,3203,3537,3719,3841,4008,4235,4030,4160,4290,4446,4629,5460,5551,5850,5915,5980,,,7189,,7995,,,,,10400,,,,,11570,,13000,,,,,,
Y199,A5,콜라볼트(국산),2022-02-13,M30,,,,,,,,,,,2429,2429,2429,2429,2505,2641,2641,2839,3112,3264,3431,3598,3795,4250,4326,4554,4751,5009,4680,4875,5031,5200,5408,,5850,5980,6240,6500,,,7800,,8710,,,,,11700,,,,,13650,,14300,,,,,,
Y200,A5,콜라볼트(국산),2022-02-13,M33,,,,,,,,,,,,,,,3340,3552,3491,3871,4068,4250,4554,4706,5161,5389,6072,6224,6376,6527,,,,,,,,,,,,,,,,,,,,,,,,,,,,,,,,,
Y201,A5,콜라볼트(국산),2022-02-13,M36,,,,,,,,,,,,,,,4099,4220,4326,4402,4706,4782,5032,5313,5465,6026,6300,6527,6801,7135,8545,8651,8756,9021,9021,11661,11661,11661,,12215,,,13770,,14466,,,16111,,16111,,,,,18124,,19956,,,,,,
Y202,A6,콜라볼트 인치(국산),2022-02-13,standard,1_2,5_8,3_4,1,1 1_4,1 1_2,2,2 1_2,3,3 1_2,4,4 1_2,5,6,7,8,9,10,,,,,,,,,,,,,,,,,,,,,,,,,,,,,,,,,,,,,,,,,,,
Y203,A6,콜라볼트 인치(국산),2022-02-13,1_4,,,,,,,,,,,,,,,,,,,,,,,,,,,,,,,,,,,,,,,,,,,,,,,,,,,,,,,,,,,,,
Y204,A6,콜라볼트 인치(국산),2022-02-13,5_16,,,186,199,263,263,298,352,390,,,,,,,,,,,,,,,,,,,,,,,,,,,,,,,,,,,,,,,,,,,,,,,,,,,,
Y205,A6,콜라볼트 인치(국산),2022-02-13,3_8,,,181,199,263,263,298,352,390,497,544,,,,,,,,,,,,,,,,,,,,,,,,,,,,,,,,,,,,,,,,,,,,,,,,,,
Y206,A6,콜라볼트 인치(국산),2022-02-13,1_2,,,319,336,4222,472,472,551,720,866,939,,,,,,,,,,,,,,,,,,,,,,,,,,,,,,,,,,,,,,,,,,,,,,,,,,
Y207,A6,콜라볼트 인치(국산),2022-02-13,5_8,,,,,697,697,796,930,1068,1153,1249,1495,1687,1978,,,,,,,,,,,,,,,,,,,,,,,,,,,,,,,,,,,,,,,,,,,,,,,
Y208,A6,콜라볼트 인치(국산),2022-02-13,3_4,,,,,,1328,1354,1495,1711,1840,19801,2218,2337,2542,,,,,,,,,,,,,,,,,,,,,,,,,,,,,,,,,,,,,,,,,,,,,,,
Y209,A6,콜라볼트 인치(국산),2022-02-13,7_8,,,,,,,1779,2060,2195,2373,2596,2788,3061,3443,,,,,,,,,,,,,,,,,,,,,,,,,,,,,,,,,,,,,,,,,,,,,,,
Y210,A6,콜라볼트 인치(국산),2022-02-13,1,,,,,,,2899,2899,3108,3270,3588,3863,4232,4793,5917,6764,,,,,,,,,,,,,,,,,,,,,,,,,,,,,,,,,,,,,,,,,,,,,
Y211,A12,나일론너트,2022-02-13,standard,M3,M4,M5,M6,M8,M10,M12X1.5P,M12,M14X1.5P,M14,M16X1.5P,M16,M18,M20,M22,M24,M30,M36,1_4-20,5_16-18,3_8-16,1_2-12,5_8-11,3_4-10,7_8-9,01월 08일,,,,,,,,,,,,,,,,,,,,,,,,,,,,,,,,,,,
Y212,A12,나일론너트,2022-02-13,철,7,7,7,8,17,40,79,58,120,86,119,107,172,211,290,449,1082,2536,19,20,28,93,172,251,343,620,,,,,,,,,,,,,,,,,,,,,,,,,,,,,,,,,,,
Y213,A12,나일론너트,2022-02-13,304,16,16,17,25,52,113,,163,,287,436,348,,944,1307,2396,3920,,44,55,87,203,421,1074,1888,2933,,,,,,,,,,,,,,,,,,,,,,,,,,,,,,,,,,,
Y214,A12,나일론너트,2022-02-13,316,17,23,23,23,76,139,,234,,392,,465,,1307,,3630,,,,,,,,,,,,,,,,,,,,,,,,,,,,,,,,,,,,,,,,,,,,,
Y215,A13,후렌치너트,2022-02-13,standard,M3,M4,M5,M6,M8(12),M8(13),M10(14)X1.25P,M10(14),M10(17),M12(17)X1.25P,M12(17),M12(19),5_16-18,3_8-16,1_2(17)-12,1_2(19)-12,7_16(14)(황색),,,,,,,,,,,,,,,,,,,,,,,,,,,,,,,,,,,,,,,,,,,,
Y216,A13,후렌치너트,2022-02-13,철,5,5,8,9,16,20,,24,45,53,44,66,18,22,69,79,53,,,,,,,,,,,,,,,,,,,,,,,,,,,,,,,,,,,,,,,,,,,,
Y217,A13,후렌치너트,2022-02-13,304,,22,23,23,35,55,,84,167,,203,269,73,90,256,,,,,,,,,,,,,,,,,,,,,,,,,,,,,,,,,,,,,,,,,,,,,,
Y218,A13,후렌치너트,2022-02-13,316,,84,39,54,100,105,,200,237,,585,653,,134,,,,,,,,,,,,,,,,,,,,,,,,,,,,,,,,,,,,,,,,,,,,,,,
Y219,A14,캡너트,2022-02-13,standard,M3,M4,M5,M6,M8,M10,M12,M14,M16,M20,M22,M24,M30,1_4-20,5_16-18,3_8-16,1_2-12,5_8-11,,,,,,,,,,,,,,,,,,,,,,,,,,,,,,,,,,,,,,,,,,,
Y220,A14,캡너트,2022-02-13,철,21,12,15,18,44,78,119,198,231,528,634,832,,26,46,58,129,271,,,,,,,,,,,,,,,,,,,,,,,,,,,,,,,,,,,,,,,,,,,
Y221,A14,캡너트,2022-02-13,304,29,29,30,52,102,197,287,614,674,1525,2614,3630,8131,73,129,161,407,929,,,,,,,,,,,,,,,,,,,,,,,,,,,,,,,,,,,,,,,,,,,
Y222,A14,캡너트,2022-02-13,316,,41,45,78,160,312,440,,1133,2033,3920,5518,,,,,,,,,,,,,,,,,,,,,,,,,,,,,,,,,,,,,,,,,,,,,,,,,
Y223,A15,나비너트,2022-02-13,standard,M3,M4,M5,M6,M8,M10,M12,1_4,5_16,3_8,1_2,,,,,,,,,,,,,,,,,,,,,,,,,,,,,,,,,,,,,,,,,,,,,,,,,,
Y224,A15,나비너트,2022-02-13,철,27,29,29,34,48,75,155,34,48,73,155,,,,,,,,,,,,,,,,,,,,,,,,,,,,,,,,,,,,,,,,,,,,,,,,,,
Y225,A15,나비너트,2022-02-13,304,85,83,79,102,149,285,562,113,145,279,562,,,,,,,,,,,,,,,,,,,,,,,,,,,,,,,,,,,,,,,,,,,,,,,,,,
Y226,A17,유너트,2022-02-13,standard,M4,M5,M6,M8,M10,M12,M14,M16,M20,M24,,,,,,,,,,,,,,,,,,,,,,,,,,,,,,,,,,,,,,,,,,,,,,,,,,,
Y227,A17,유너트,2022-02-13,철,55,51,55,102,168,207,385,477,1074,1630,,,,,,,,,,,,,,,,,,,,,,,,,,,,,,,,,,,,,,,,,,,,,,,,,,,
Y228,A17,유너트,2022-02-13,304,219,224,230,348,798,1015,,2063,4018,7601,,,,,,,,,,,,,,,,,,,,,,,,,,,,,,,,,,,,,,,,,,,,,,,,,,,
Y229,A16,신주너트,2022-02-13,standard,M3,M4,M5,M6,M8,M10,M12,M16,M20,,,,,,,,,,,,,,,,,,,,,,,,,,,,,,,,,,,,,,,,,,,,,,,,,,,,
Y230,A16,신주너트,2022-02-13,신주너트,13,24,33,66,132,257,383,726,1320,,,,,,,,,,,,,,,,,,,,,,,,,,,,,,,,,,,,,,,,,,,,,,,,,,,,
Y231,A18,웰딩너트,2022-02-13,standard,M4,M5,M6,M8,M10,M12,,,,,,,,,,,,,,,,,,,,,,,,,,,,,,,,,,,,,,,,,,,,,,,,,,,,,,,
Y232,A18,웰딩너트,2022-02-13,사각,19,19,23,32,46,63,,,,,,,,,,,,,,,,,,,,,,,,,,,,,,,,,,,,,,,,,,,,,,,,,,,,,,,
Y233,A18,웰딩너트,2022-02-13,육각,19,19,23,32,57,,,,,,,,,,,,,,,,,,,,,,,,,,,,,,,,,,,,,,,,,,,,,,,,,,,,,,,,
Y234,A39,턴버클,2022-02-13,standard,1_8,3_16,1_4,5_16,3_8,1_2,5_8,3_4,7_8,1,1 1_4,1 1_2,1 3_4,,,,,,,,,,,,,,,,,,,,,,,,,,,,,,,,,,,,,,,,,,,,,,,,
Y235,A39,턴버클,2022-02-13,주물,,330,400,550,750,1000,2500,3000,,,,,,,,,,,,,,,,,,,,,,,,,,,,,,,,,,,,,,,,,,,,,,,,,,,,,
Y236,A39,턴버클,2022-02-13,짜게,,,,,1000,1600,2500,4000,6000,7000,,,,,,,,,,,,,,,,,,,,,,,,,,,,,,,,,,,,,,,,,,,,,,,,,,,
Y237,A39,턴버클,2022-02-13,스텐,,1500,1500,2500,3500,6500,12000,23000,36000,,,,,,,,,,,,,,,,,,,,,,,,,,,,,,,,,,,,,,,,,,,,,,,,,,,,
Y238,A40,클립,2022-02-13,standard,1_8,3_16,1_4,5_16,3_8,1_2,5_8,3_4,7_8,1,1 1_4,1 1_2,1 3_4,,,,,,,,,,,,,,,,,,,,,,,,,,,,,,,,,,,,,,,,,,,,,,,,
Y239,A40,클립,2022-02-13,주물,60,100,130,150,250,430,600,850,1300,1700,,,,,,,,,,,,,,,,,,,,,,,,,,,,,,,,,,,,,,,,,,,,,,,,,,,
Y240,A40,클립,2022-02-13,스텐,500,550,700,800,1300,1900,3800,5000,7000,9000,,,,,,,,,,,,,,,,,,,,,,,,,,,,,,,,,,,,,,,,,,,,,,,,,,,
Y241,A41,샤클,2022-02-13,standard,1_8,3_16,1_4,5_16,3_8,1_2,5_8,3_4,7_8,1,1 1_4,1 1_2,1 3_4,,,,,,,,,,,,,,,,,,,,,,,,,,,,,,,,,,,,,,,,,,,,,,,,
Y242,A41,샤클,2022-02-13,단조,,,800,900,1000,1500,2200,3500,5000,7000,13000,25000,,,,,,,,,,,,,,,,,,,,,,,,,,,,,,,,,,,,,,,,,,,,,,,,,
Y243,A41,샤클,2022-02-13,스텐,,800,1000,1500,2000,3500,7000,13000,19000,30000,,,,,,,,,,,,,,,,,,,,,,,,,,,,,,,,,,,,,,,,,,,,,,,,,,,
Y244,A43,아이후크,2022-02-13,standard,1/2톤,03월 04일,1.0T,1.5T,2.0T,3.0T,5.0T,,,,,,,,,,,,,,,,,,,,,,,,,,,,,,,,,,,,,,,,,,,,,,,,,,,,,,
Y245,A43,아이후크,2022-02-13,아이후쿠,1000,1200,1500,2500,3000,5500,11000,,,,,,,,,,,,,,,,,,,,,,,,,,,,,,,,,,,,,,,,,,,,,,,,,,,,,,
Y246,A42,샤클(국산),2022-02-13,standard,1_8,3_16,1_4,5_16,3_8,1_2,5_8,3_4,7_8,1,1 1_4,1 1_2,1 3_4,,,,,,,,,,,,,,,,,,,,,,,,,,,,,,,,,,,,,,,,,,,,,,,,
Y247,A42,샤클(국산),2022-02-13,샤클(국산),,,,,,4000,5500,6500,9500,13000,,45000,,,,,,,,,,,,,,,,,,,,,,,,,,,,,,,,,,,,,,,,,,,,,,,,,
Y248,A44,체인,2022-02-13,standard,3mm,4mm,5mm,6mm,7mm,8mm,9mm,10mm,12mm,14mm,,,,,,,,,,,,,,,,,,,,,,,,,,,,,,,,,,,,,,,,,,,,,,,,,,,
Y249,A44,체인,2022-02-13,일반,350,650,850,1200,1800,2300,2900,,,,,,,,,,,,,,,,,,,,,,,,,,,,,,,,,,,,,,,,,,,,,,,,,,,,,,
Y250,A44,체인,2022-02-13,스텐,1300,2500,3300,4800,6800,8500,12000,,,,,,,,,,,,,,,,,,,,,,,,,,,,,,,,,,,,,,,,,,,,,,,,,,,,,,
Y251,A45,비나,2022-02-13,standard,3mm,4mm,5mm,6mm,7mm,8mm,9mm,10mm,12mm,14mm,,,,,,,,,,,,,,,,,,,,,,,,,,,,,,,,,,,,,,,,,,,,,,,,,,,
Y252,A45,비나,2022-02-13,일반,150,160,200,250,300,350,450,600,1200,2000,,,,,,,,,,,,,,,,,,,,,,,,,,,,,,,,,,,,,,,,,,,,,,,,,,,
Y253,A45,비나,2022-02-13,스텐,,600,700,900,1000,1500,2000,2500,5000,,,,,,,,,,,,,,,,,,,,,,,,,,,,,,,,,,,,,,,,,,,,,,,,,,,,
Y254,A46,퀵링크,2022-02-13,standard,3mm,4mm,5mm,6mm,7mm,8mm,9mm,10mm,12mm,14mm,,,,,,,,,,,,,,,,,,,,,,,,,,,,,,,,,,,,,,,,,,,,,,,,,,,
Y255,A46,퀵링크,2022-02-13,일반,,182,195,250,300,450,600,750,1400,,,,,,,,,,,,,,,,,,,,,,,,,,,,,,,,,,,,,,,,,,,,,,,,,,,,
Y256,A47,도르레,2022-02-13,standard,1 1_2,2,3,4,5,6,,,,,,,,,,,,,,,,,,,,,,,,,,,,,,,,,,,,,,,,,,,,,,,,,,,,,,,
Y257,A47,도르레,2022-02-13,일반,2000,3000,6500,8000,,,,,,,,,,,,,,,,,,,,,,,,,,,,,,,,,,,,,,,,,,,,,,,,,,,,,,,,,
Y258,A48,와이어,2022-02-13,standard,0.8mm,1.0mm,1.6mm,2.0mm,2.4mm,3mm,4mm,5mm,6mm,8mm,10mm,12mm,14mm,16mm,,,,,,,,,,,,,,,,,,,,,,,,,,,,,,,,,,,,,,,,,,,,,,,
Y259,A48,와이어,2022-02-13,일반,,,90,100,120,150,240,350,500,870,1200,,,1800,,,,,,,,,,,,,,,,,,,,,,,,,,,,,,,,,,,,,,,,,,,,,,,
Y260,A48,와이어,2022-02-13,스텐,100,110,150,200,250,400,700,1000,1300,1850,,,,,,,,,,,,,,,,,,,,,,,,,,,,,,,,,,,,,,,,,,,,,,,,,,,
Y261,A49,코스,2022-02-13,standard,0.8mm,1.0mm,1.6mm,2.0mm,2.4mm,3mm,4mm,5mm,6mm,8mm,10mm,12mm,14mm,16mm,,,,,,,,,,,,,,,,,,,,,,,,,,,,,,,,,,,,,,,,,,,,,,,
Y262,A49,코스,2022-02-13,코스,,,,,,,,100,120,180,300,600,,,,,,,,,,,,,,,,,,,,,,,,,,,,,,,,,,,,,,,,,,,,,,,,,
Y263,A50,페롤,2022-02-13,standard,0.8mm,1.0mm,1.6mm,2.0mm,2.4mm,3mm,4mm,5mm,6mm,8mm,10mm,12mm,14mm,16mm,,,,,,,,,,,,,,,,,,,,,,,,,,,,,,,,,,,,,,,,,,,,,,,
Y264,A50,페롤,2022-02-13,페롤,,40,45,45,50,,,,,,,,,,,,,,,,,,,,,,,,,,,,,,,,,,,,,,,,,,,,,,,,,,,,,,,,
Y265,A51,"철-P형,G형,트러스,접시 머신",2022-02-13,standard,3,4,5,6,8,10,12,14,16,20,25,30,35,40,45,50,55,60,65,70,75,80,90,100,,,,,,,,,,,,,,,,,,,,,,,,,,,,,,,,,,,,,
Y266,A51,"철-P형,G형,트러스,접시 머신",2022-02-13,M2,3.4,3.4,3.4,3.4,3.9,4.2,4.5,,,,,,,,,,,,,,,,,,,,,,,,,,,,,,,,,,,,,,,,,,,,,,,,,,,,,,
Y267,A51,"철-P형,G형,트러스,접시 머신",2022-02-13,M3,,3.4,3.4,3.4,3.9,4.2,4.4,4.7,5.5,6.9,8.6,10.9,12.1,13.9,15.6,17.5,,,,,,,,,,,,,,,,,,,,,,,,,,,,,,,,,,,,,,,,,,,,,
Y268,A51,"철-P형,G형,트러스,접시 머신",2022-02-13,M4,,5.9,5,5,5.9,6.2,6.6,6.9,7.6,8.6,10.6,12.8,14.3,16,17.8,19.8,24.9,27,28.4,30.9,32.6,34.4,38.6,42,,,,,,,,,,,,,,,,,,,,,,,,,,,,,,,,,,,,,
Y269,A51,"철-P형,G형,트러스,접시 머신",2022-02-13,M5,,,,8.9,9.4,9.7,9.9,10.9,11.4,13.3,14.6,18.1,20.2,22.8,24.7,27,31.2,33.6,36.6,37.8,40.3,43,46.9,52.4,,,,,,,,,,,,,,,,,,,,,,,,,,,,,,,,,,,,,
Y270,A51,"철-P형,G형,트러스,접시 머신",2022-02-13,M6,,,,,17,17.5,18.1,19.2,19.7,22,24.7,27.9,29.6,31.8,34.3,36.3,40,43.2,46.2,49.2,52.2,55.3,61.8,68.4,,,,,,,,,,,,,,,,,,,,,,,,,,,,,,,,,,,,,
Y271,A51,"철-P형,G형,트러스,접시 머신",2022-02-13,M8,,,,,,,38.8,,40.5,43.3,46.5,54.4,56.6,60,63.7,66.2,,,,,,,,,,,,,,,,,,,,,,,,,,,,,,,,,,,,,,,,,,,,,
Y272,A51,"철-P형,G형,트러스,접시 머신",2022-02-13,M10,,,,,,,,,,67.2,75.6,80.6,94.1,100.8,107.5,117.6,,,,,,,,,,,,,,,,,,,,,,,,,,,,,,,,,,,,,,,,,,,,,
Y273,A52,"철-P형,접시 1종",2022-02-13,standard,4,5,6,8,10,12,14,16,20,25,30,35,40,50,60,70,80,90,100,125,150,,,,,,,,,,,,,,,,,,,,,,,,,,,,,,,,,,,,,,,,
Y274,A52,"철-P형,접시 1종",2022-02-13,M2,3.1,3.1,3.1,3.5,3.9,4,,,,,,,,,,,,,,,,,,,,,,,,,,,,,,,,,,,,,,,,,,,,,,,,,,,,,,,
Y275,A52,"철-P형,접시 1종",2022-02-13,M3,,3.9,3.9,3.9,4,5.1,5.4,6.2,6.5,6.6,9.1,10.5,,,,,,,,,,,,,,,,,,,,,,,,,,,,,,,,,,,,,,,,,,,,,,,,,
Y276,A52,"철-P형,접시 1종",2022-02-13,M4,,,,7.1,7.9,8,8.9,9.7,10.5,12.2,14.8,16.9,18.8,22.9,24.8,28.3,31.6,35.4,44,66,77,,,,,,,,,,,,,,,,,,,,,,,,,,,,,,,,,,,,,,,,
Y277,A52,"철-P형,접시 1종",2022-02-13,M5,,,,,,11.9,14,13.2,16.2,19.7,22.8,25.6,28,32.8,30.8,34.7,39.4,43,48,,,,,,,,,,,,,,,,,,,,,,,,,,,,,,,,,,,,,,,,,,
Y278,A52,"철-P형,접시 1종",2022-02-13,M6,,,,,,,,21.3,23.4,26,29.6,31.9,35.3,40.5,,,,,,,,,,,,,,,,,,,,,,,,,,,,,,,,,,,,,,,,,,,,,,,
Y279,A53,철-트러스 1종,2022-02-13,standard,6,8,10,12,14,16,20,25,30,35,38,40,45,50,,,,,,,,,,,,,,,,,,,,,,,,,,,,,,,,,,,,,,,,,,,,,,,
Y280,A53,철-트러스 1종,2022-02-13,M4,6.9,7.4,8.2,8.3,9.1,10,10.8,12.5,15.1,17.2,18.2,18.9,21.1,23.1,,,,,,,,,,,,,,,,,,,,,,,,,,,,,,,,,,,,,,,,,,,,,,,
Y281,A53,철-트러스 1종,2022-02-13,M5,,,11.2,12.8,,14.6,17.1,21.1,24.3,27.1,,30,32.2,35.1,,,,,,,,,,,,,,,,,,,,,,,,,,,,,,,,,,,,,,,,,,,,,,,
Y282,A53,철-트러스 1종,2022-02-13,M6,,,,19.9,,22.8,25.6,27.9,31.9,34.5,,38,,43.7,,,,,,,,,,,,,,,,,,,,,,,,,,,,,,,,,,,,,,,,,,,,,,,
Y283,A54,철-P형 2종커팅,2022-02-13,standard,5,6,8,10,12,14,16,20,25,30,,,,,,,,,,,,,,,,,,,,,,,,,,,,,,,,,,,,,,,,,,,,,,,,,,,
Y284,A54,철-P형 2종커팅,2022-02-13,M3,4.6,4.6,4.8,4.9,6.2,,,,,,,,,,,,,,,,,,,,,,,,,,,,,,,,,,,,,,,,,,,,,,,,,,,,,,,,
Y285,A54,철-P형 2종커팅,2022-02-13,M4,,7.2,7.9,8.6,8.9,9.7,10.5,11.9,13.1,15.6,,,,,,,,,,,,,,,,,,,,,,,,,,,,,,,,,,,,,,,,,,,,,,,,,,,
Y286,A54,철-P형 2종커팅,2022-02-13,M5,,,10.9,11.6,12.6,13.1,14.3,16.9,20.3,23.4,,,,,,,,,,,,,,,,,,,,,,,,,,,,,,,,,,,,,,,,,,,,,,,,,,,
Y287,A55,철-트러스 2종커팅,2022-02-13,standard,6,8,10,12,16,20,25,30,,,,,,,,,,,,,,,,,,,,,,,,,,,,,,,,,,,,,,,,,,,,,,,,,,,,,
Y288,A55,철-트러스 2종커팅,2022-02-13,M4,7.4,8,8.9,9.1,10.8,12,13.2,16,,,,,,,,,,,,,,,,,,,,,,,,,,,,,,,,,,,,,,,,,,,,,,,,,,,,,
Y289,A55,철-트러스 2종커팅,2022-02-13,M5,,11.7,12,13.4,15.2,17.7,21.7,25.3,,,,,,,,,,,,,,,,,,,,,,,,,,,,,,,,,,,,,,,,,,,,,,,,,,,,,
Y290,A73,철-p형셈스,2022-02-13,standard,5,6,8,10,12,14,16,20,25,30,35,40,,,,,,,,,,,,,,,,,,,,,,,,,,,,,,,,,,,,,,,,,,,,,,,,,
Y291,A73,철-p형셈스,2022-02-13,3,10.6,10.6,11,11.3,11.6,12.2,12.3,12.9,14.4,17.2,,,,,,,,,,,,,,,,,,,,,,,,,,,,,,,,,,,,,,,,,,,,,,,,,,,
Y292,A73,철-p형셈스,2022-02-13,4,,13.7,12.9,13.2,13.6,14.2,14.7,16,16.7,18.7,21.5,24.3,,,,,,,,,,,,,,,,,,,,,,,,,,,,,,,,,,,,,,,,,,,,,,,,,
Y293,A73,철-p형셈스,2022-02-13,5,,,18.9,18.3,18.6,19.2,19.6,21,22.6,25,31.5,34.3,,,,,,,,,,,,,,,,,,,,,,,,,,,,,,,,,,,,,,,,,,,,,,,,,
Y294,A73,철-p형셈스,2022-02-13,6,,,28.6,25.7,27.7,28.3,29,30.3,32.9,36,40,42.9,,,,,,,,,,,,,,,,,,,,,,,,,,,,,,,,,,,,,,,,,,,,,,,,,
Y295,A73,철-p형셈스,2022-02-13,8,,,,,59.2,0,61.8,64.6,70.2,74.6,,,,,,,,,,,,,,,,,,,,,,,,,,,,,,,,,,,,,,,,,,,,,,,,,,,
Y296,A78,철-후렌지볼트,2022-02-13,standard,10,12,15,20,25,30,35,40,45,50,,,,,,,,,,,,,,,,,,,,,,,,,,,,,,,,,,,,,,,,,,,,,,,,,,,
Y297,A78,철-후렌지볼트,2022-02-13,5,13,14,16,18,22,25,,,,,,,,,,,,,,,,,,,,,,,,,,,,,,,,,,,,,,,,,,,,,,,,,,,,,,,
Y298,A78,철-후렌지볼트,2022-02-13,6,22,23,25,28,31,36,,,,,,,,,,,,,,,,,,,,,,,,,,,,,,,,,,,,,,,,,,,,,,,,,,,,,,,
Y299,A78,철-후렌지볼트,2022-02-13,8,,,47,51,54,60,,,,,,,,,,,,,,,,,,,,,,,,,,,,,,,,,,,,,,,,,,,,,,,,,,,,,,,
Y300,A78,철-후렌지볼트,2022-02-13,10,,,72,76,83,88,99,104,114,120,,,,,,,,,,,,,,,,,,,,,,,,,,,,,,,,,,,,,,,,,,,,,,,,,,,
Y301,A74,철-육각셈스,2022-02-13,standard,10,12,15,20,25,30,,,,,,,,,,,,,,,,,,,,,,,,,,,,,,,,,,,,,,,,,,,,,,,,,,,,,,,
Y302,A74,철-육각셈스,2022-02-13,5,27,27,28.5,30.9,33.5,38.6,,,,,,,,,,,,,,,,,,,,,,,,,,,,,,,,,,,,,,,,,,,,,,,,,,,,,,,
Y303,A74,철-육각셈스,2022-02-13,6,34.7,34.7,37.3,32.6,45,50.2,,,,,,,,,,,,,,,,,,,,,,,,,,,,,,,,,,,,,,,,,,,,,,,,,,,,,,,
Y304,A74,철-육각셈스,2022-02-13,8,,,67.6,72.1,77.2,81.1,,,,,,,,,,,,,,,,,,,,,,,,,,,,,,,,,,,,,,,,,,,,,,,,,,,,,,,
Y305,A74,철-육각셈스,2022-02-13,10,,,131.3,135.1,137.7,141.6,,,,,,,,,,,,,,,,,,,,,,,,,,,,,,,,,,,,,,,,,,,,,,,,,,,,,,,
Y306,A74,철-육각셈스,2022-02-13,12,,,0,205.9,227.4,236,,,,,,,,,,,,,,,,,,,,,,,,,,,,,,,,,,,,,,,,,,,,,,,,,,,,,,,
Y307,A75,STS-P형셈스,2022-02-13,standard,5,6,8,10,12,14,16,20,25,30,,,,,,,,,,,,,,,,,,,,,,,,,,,,,,,,,,,,,,,,,,,,,,,,,,,
Y308,A75,STS-P형셈스,2022-02-13,3,24.5,23.2,23.9,24.7,25.2,26.5,27.3,29.2,36.2,,,,,,,,,,,,,,,,,,,,,,,,,,,,,,,,,,,,,,,,,,,,,,,,,,,,
Y309,A75,STS-P형셈스,2022-02-13,4,,33.3,34.6,35.9,37,38.3,40,44.2,48.6,56.1,,,,,,,,,,,,,,,,,,,,,,,,,,,,,,,,,,,,,,,,,,,,,,,,,,,
Y310,A75,STS-P형셈스,2022-02-13,5,,,52.9,53.2,56.1,59.3,63.2,68.4,75.5,84.9,,,,,,,,,,,,,,,,,,,,,,,,,,,,,,,,,,,,,,,,,,,,,,,,,,,
Y311,A75,STS-P형셈스,2022-02-13,6,,,,84.4,83.9,90.2,95.4,104,116.4,128.7,,,,,,,,,,,,,,,,,,,,,,,,,,,,,,,,,,,,,,,,,,,,,,,,,,,
Y312,A79,STS후렌지볼트,2022-02-13,standard,10,12,15,20,25,30,,,,,,,,,,,,,,,,,,,,,,,,,,,,,,,,,,,,,,,,,,,,,,,,,,,,,,,
Y313,A79,STS후렌지볼트,2022-02-13,5,42,45,49,57,64,70,,,,,,,,,,,,,,,,,,,,,,,,,,,,,,,,,,,,,,,,,,,,,,,,,,,,,,,
Y314,A79,STS후렌지볼트,2022-02-13,6,63,66,73,85,100,110,,,,,,,,,,,,,,,,,,,,,,,,,,,,,,,,,,,,,,,,,,,,,,,,,,,,,,,
Y315,A79,STS후렌지볼트,2022-02-13,8,0,149,152,166,186,206,,,,,,,,,,,,,,,,,,,,,,,,,,,,,,,,,,,,,,,,,,,,,,,,,,,,,,,
Y316,A76,STS-육각셈스,2022-02-13,standard,8,10,12,15,20,25,30,,,,,,,,,,,,,,,,,,,,,,,,,,,,,,,,,,,,,,,,,,,,,,,,,,,,,,
Y317,A76,STS-육각셈스,2022-02-13,4,49,52.9,56.6,59.5,62.8,69.2,72.8,,,,,,,,,,,,,,,,,,,,,,,,,,,,,,,,,,,,,,,,,,,,,,,,,,,,,,
Y318,A76,STS-육각셈스,2022-02-13,5,,79.2,84.2,88.1,93,96.8,101.8,,,,,,,,,,,,,,,,,,,,,,,,,,,,,,,,,,,,,,,,,,,,,,,,,,,,,,
Y319,A76,STS-육각셈스,2022-02-13,6,,,115.7,112.7,134.6,140.7,146.9,,,,,,,,,,,,,,,,,,,,,,,,,,,,,,,,,,,,,,,,,,,,,,,,,,,,,,
Y320,A76,STS-육각셈스,2022-02-13,8,,,,245.1,252.7,260.3,266.6,,,,,,,,,,,,,,,,,,,,,,,,,,,,,,,,,,,,,,,,,,,,,,,,,,,,,,
Y321,A76,STS-육각셈스,2022-02-13,10,,,,450.5,476.2,500.5,536.3,,,,,,,,,,,,,,,,,,,,,,,,,,,,,,,,,,,,,,,,,,,,,,,,,,,,,,
Y322,A77,"스텐렌지셈스 P/W,S/W",2022-02-13,standard,5,6,8,10,12,15,20,25,30,35,40,45,50,55,60,,,,,,,,,,,,,,,,,,,,,,,,,,,,,,,,,,,,,,,,,,,,,,
Y323,A77,"스텐렌지셈스 P/W,S/W",2022-02-13,3,31.2,29.7,30.4,31.2,32.8,32.8,36.1,41,45.9,62.3,77.1,,,,,,,,,,,,,,,,,,,,,,,,,,,,,,,,,,,,,,,,,,,,,,,,,,
Y324,A77,"스텐렌지셈스 P/W,S/W",2022-02-13,4,,38.8,44.3,45.9,47.6,49.2,52.5,57.4,65.6,73.8,85.3,,,,,,,,,,,,,,,,,,,,,,,,,,,,,,,,,,,,,,,,,,,,,,,,,,
Y325,A77,"스텐렌지셈스 P/W,S/W",2022-02-13,5,,,64,65.6,67.3,70.6,75.5,82,96.8,109.9,126.3,137.8,146,,,,,,,,,,,,,,,,,,,,,,,,,,,,,,,,,,,,,,,,,,,,,,,,
Y326,A77,"스텐렌지셈스 P/W,S/W",2022-02-13,6,,,98,99.6,102.8,105.9,112.3,118.6,126.5,147.1,156.5,175.6,188.1,276.4,320.8,,,,,,,,,,,,,,,,,,,,,,,,,,,,,,,,,,,,,,,,,,,,,,
Y327,A77,"스텐렌지셈스 P/W,S/W",2022-02-13,8,,,,,197.3,200.5,211.5,224,238.1,272.5,297.6,327.4,355.6,445.8,473.9,,,,,,,,,,,,,,,,,,,,,,,,,,,,,,,,,,,,,,,,,,,,,,
Y328,A77,"스텐렌지셈스 P/W,S/W",2022-02-13,10,,,,,,465.2,462.1,494.9,529.4,559.2,593.7,642.1,684.5,760.1,819.9,,,,,,,,,,,,,,,,,,,,,,,,,,,,,,,,,,,,,,,,,,,,,,
Y329,A57,스텐피스 T형,2022-02-13,standard,6,8,10,12,14,16,18,20,22,25,30,35,40,45,50,55,60,65,70,75,80,85,90,95,100,,,,,,,,,,,,,,,,,,,,,,,,,,,,,,,,,,,,
Y330,A57,스텐피스 T형,2022-02-13,3,9.7,9.8,10.3,11.1,11.8,11.9,12.4,12.6,13.7,15,17.2,18.2,22.7,24.3,27.9,,,,,,,,,,,,,,,,,,,,,,,,,,,,,,,,,,,,,,,,,,,,,,
Y331,A57,스텐피스 T형,2022-02-13,4,15.3,16.4,17.5,18.5,19.5,20.4,22.4,25,25.9,27.4,29.5,34.5,42.3,46.5,52.3,66.7,73.3,79.1,81.8,87.4,95.3,103,105.3,110.8,116.1,,,,,,,,,,,,,,,,,,,,,,,,,,,,,,,,,,,,
Y332,A57,스텐피스 T형,2022-02-13,5,22.1,24.2,26.4,28.5,31.2,33.8,35.4,37,40.9,44.6,46.5,52,60.7,65,69.4,95.5,117.7,124.3,126.4,134.9,149.1,166,174.2,182.4,192.4,,,,,,,,,,,,,,,,,,,,,,,,,,,,,,,,,,,,
Y333,A57,스텐피스 T형,2022-02-13,6,38.3,40.4,42.3,45.7,48.8,52,55.9,59.6,64.4,69.4,75.8,83.2,93.1,97.4,103.7,133,154.6,163.3,177.7,194,208.3,237.3,249.2,264.7,275,,,,,,,,,,,,,,,,,,,,,,,,,,,,,,,,,,,,
Y334,A57,스텐피스 T형,2022-02-13,8,,,,,,,,139.7,,151.8,165.7,179.7,195.8,205.8,223.6,237.6,253.6,263.6,280.8,293.5,311.5,337.5,347.4,,365.5,,,,,,,,,,,,,,,,,,,,,,,,,,,,,,,,,,,,
Y335,A57,스텐피스 T형,2022-02-13,10,,,,,,,,285.5,,308.5,333.4,358.4,381.4,402.2,427.1,448.1,475.1,493.9,516.8,541.8,566.9,608.4,633.5,,654.3,,,,,,,,,,,,,,,,,,,,,,,,,,,,,,,,,,,,
Y336,A57,스텐피스 T형,2022-02-13,12,,,,,,,,0,,435.5,483.5,514.7,543.9,583.5,618.2,654.3,689.7,725.1,758.5,657.8,825.3,864.7,902.2,,937.7,,,,,,,,,,,,,,,,,,,,,,,,,,,,,,,,,,,,
Y337,A56,스텐피스 F.P형,2022-02-13,standard,6,8,10,12,14,16,18,20,22,25,30,35,40,45,50,55,60,65,70,75,80,85,90,95,100,,,,,,,,,,,,,,,,,,,,,,,,,,,,,,,,,,,,
Y338,A56,스텐피스 F.P형,2022-02-13,3,9.7,9.8,10.3,11.1,11.8,11.9,12.4,12.6,13.7,15,17.2,18.2,22.7,24.3,27.9,,,,,,,,,,,,,,,,,,,,,,,,,,,,,,,,,,,,,,,,,,,,,,
Y339,A56,스텐피스 F.P형,2022-02-13,4,14.5,15.5,16.6,17.5,18.5,19.5,21.3,23.2,24.6,26.1,27.9,32.7,40.3,44.1,49.7,63.4,69.6,75.2,77.8,83.1,90.6,95.5,99.7,104.8,110,,,,,,,,,,,,,,,,,,,,,,,,,,,,,,,,,,,,
Y340,A56,스텐피스 F.P형,2022-02-13,5,20.9,22.9,25,27,29.6,32.2,33.6,35.3,38.8,42.3,44.3,49.4,57.6,61.7,65.8,81.5,111.7,118.2,120.1,128.2,141.7,157.3,165,172.8,182.3,,,,,,,,,,,,,,,,,,,,,,,,,,,,,,,,,,,,
Y341,A56,스텐피스 F.P형,2022-02-13,6,36.4,38.3,40.3,43.3,46.4,49.4,53,56.5,61.2,65.8,72.1,79.1,79.7,92.6,98.5,126.4,146.8,155,168.9,184.2,197.9,224.1,235.4,250,259.9,,,,,,,,,,,,,,,,,,,,,,,,,,,,,,,,,,,,
Y342,A56,스텐피스 F.P형,2022-02-13,8,,,,,,,,133.8,,145.2,158.6,171.9,187.2,196.7,214,227.3,242.6,252.1,269.4,280.8,298,322.8,332.3,,349.5,,,,,,,,,,,,,,,,,,,,,,,,,,,,,,,,,,,,
Y343,A56,스텐피스 F.P형,2022-02-13,10,,,,,,,,285.5,,308.5,333.4,358.4,381.4,402.2,427.1,448.1,475.1,493.9,516.8,541.8,566.9,608.4,633.5,,654.3,,,,,,,,,,,,,,,,,,,,,,,,,,,,,,,,,,,,
Y344,A56,스텐피스 F.P형,2022-02-13,12,,,,,,,,0,,435.5,483.5,514.7,543.9,583.5,618.2,654.3,689.7,725.1,758.5,657.8,825.3,864.7,902.2,,937.7,,,,,,,,,,,,,,,,,,,,,,,,,,,,,,,,,,,,
Y345,A58,유볼트 철,2022-02-13,standard,1_2,3_4,1,1 1_4,1 1_2,2,2 1_2,3,4,5,6,8,10,12,14,16,18,20,,,,,,,,,,,,,,,,,,,,,,,,,,,,,,,,,,,,,,,,,,,
Y346,A58,유볼트 철,2022-02-13,1_4,78,84,96,108,126,138,168,192,228,,,,,,,,,,,,,,,,,,,,,,,,,,,,,,,,,,,,,,,,,,,,,,,,,,,,
Y347,A58,유볼트 철,2022-02-13,5_16,126,138,162,180,204,234,288,324,396,480,576,,,,,,,,,,,,,,,,,,,,,,,,,,,,,,,,,,,,,,,,,,,,,,,,,,
Y348,A58,유볼트 철,2022-02-13,3_8,179,179,203,234,251,293,359,404,509,722,808,1086,1357,1778,,,,,,,,,,,,,,,,,,,,,,,,,,,,,,,,,,,,,,,,,,,,,,,
Y349,A58,유볼트 철,2022-02-13,1_2,,,,,,702,889,961,1186,1435,1607,2059,2568,2601,3073,3522,5117,5585,,,,,,,,,,,,,,,,,,,,,,,,,,,,,,,,,,,,,,,,,,,
Y350,A58,유볼트 철,2022-02-13,5_8,,,,,,,,,1973,2476,2761,3409,4306,5023,,,,,,,,,,,,,,,,,,,,,,,,,,,,,,,,,,,,,,,,,,,,,,,
Y351,A59,유볼트 철 절연,2022-02-13,standard,1_2,3_4,1,1 1_4,1 1_2,2,2 1_2,3,4,5,6,8,10,12,14,16,18,20,,,,,,,,,,,,,,,,,,,,,,,,,,,,,,,,,,,,,,,,,,,
Y352,A59,유볼트 철 절연,2022-02-13,절연3_8,450,480,540,630,690,798,960,1080,1350,1590,1860,2388,2970,3480,3900,4296,4860,5280,,,,,,,,,,,,,,,,,,,,,,,,,,,,,,,,,,,,,,,,,,,
Y353,A59,유볼트 철 절연,2022-02-13,절연1_2,,,,,,1596,1920,2160,2676,3240,3600,4596,5760,6696,7476,8256,9336,10116,,,,,,,,,,,,,,,,,,,,,,,,,,,,,,,,,,,,,,,,,,,
Y354,A59,유볼트 철 절연,2022-02-13,절연패드,154,154,154,189,189,240,240,240,2986,292,326,376,489,489,489,489,489,515,,,,,,,,,,,,,,,,,,,,,,,,,,,,,,,,,,,,,,,,,,,
Y355,A60,유볼트 STS304,2022-02-13,,1_2,3_4,1,1 1_4,1 1_2,2,2 1_2,3,4,5,6,8,10,12,14,16,18,20,,,,,,,,,,,,,,,,,,,,,,,,,,,,,,,,,,,,,,,,,,,
Y356,A60,유볼트 STS304,2022-02-13,1_4,325,351,377,403,455,520,650,780,,,,,,,,,,,,,,,,,,,,,,,,,,,,,,,,,,,,,,,,,,,,,,,,,,,,,
Y357,A60,유볼트 STS304,2022-02-13,5_16,520,559,611,650,741,871,1105,1235,,,,,,,,,,,,,,,,,,,,,,,,,,,,,,,,,,,,,,,,,,,,,,,,,,,,,
Y358,A60,유볼트 STS304,2022-02-13,3_8,611,650,800,850,900,1040,1209,1440,1800,2112,2472,3168,3960,4608,5220,6120,6900,7740,,,,,,,,,,,,,,,,,,,,,,,,,,,,,,,,,,,,,,,,,,,
Y359,A60,유볼트 STS304,2022-02-13,1_2,,,,,,1968,2376,2688,3312,4032,4476,5736,7164,8328,9312,10308,11652,12636,,,,,,,,,,,,,,,,,,,,,,,,,,,,,,,,,,,,,,,,,,,
Y360,A61,L앙카,2022-02-13,standard,3_8,1_2,5_8,M16,3_4,M20,M22,7_8,M24,1in,M27,1-1_8,M30,1-1_4,M36,1-1_2,M42,1-3_4,2in,,,,,,,,,,,,,,,,,,,,,,,,,,,,,,,,,,,,,,,,,,
Y361,A61,L앙카,2022-02-13,125mm & 5in,,,,,,,,,,,,,,,,,,,,,,,,,,,,,,,,,,,,,,,,,,,,,,,,,,,,,,,,,,,,,
Y362,A61,L앙카,2022-02-13,150mm & 6in,458,515,558,615,787,872,1473,1473,,,,,,,,,,,,,,,,,,,,,,,,,,,,,,,,,,,,,,,,,,,,,,,,,,,,,
Y363,A61,L앙카,2022-02-13,200mm & 8in,515,615,686,758,1130,1258,1544,1544,1945,2159,,,,,,,,,,,,,,,,,,,,,,,,,,,,,,,,,,,,,,,,,,,,,,,,,,,
Y364,A61,L앙카,2022-02-13,250mm & 10in,615,729,801,887,1273,1416,1745,1745,2074,2360,,,,,,,,,,,,,,,,,,,,,,,,,,,,,,,,,,,,,,,,,,,,,,,,,,,
Y365,A61,L앙카,2022-02-13,300mm & 12in,729,829,944,1044,1359,1502,1888,1888,2460,2660,3446,3818,4090,4505,5949,6692,10968,13385,18590,,,,,,,,,,,,,,,,,,,,,,,,,,,,,,,,,,,,,,,,,,
Y366,A61,L앙카,2022-02-13,350mm & 14in,,930,1044,1173,1544,1702,2159,2159,2889,2831,3875,4261,4619,5077,6692,7536,12084,14872,20449,,,,,,,,,,,,,,,,,,,,,,,,,,,,,,,,,,,,,,,,,,
Y367,A61,L앙카,2022-02-13,400mm & 16in,,1030,1216,1330,1745,1931,2417,2417,3117,3275,4276,4705,5119,5634,7436,8366,13385,16359,22308,,,,,,,,,,,,,,,,,,,,,,,,,,,,,,,,,,,,,,,,,,
Y368,A61,L앙카,2022-02-13,450mm & 18in,,1130,1330,1473,1931,2131,2703,2703,3375,3489,4705,5191,5634,6206,8180,9209,14500,17846,24167,,,,,,,,,,,,,,,,,,,,,,,,,,,,,,,,,,,,,,,,,,
Y369,A61,L앙카,2022-02-13,500mm & 20in,,1230,1473,1645,2116,2345,2932,2932,3689,3947,5134,5663,6135,6750,8923,10039,15802,19334,26026,,,,,,,,,,,,,,,,,,,,,,,,,,,,,,,,,,,,,,,,,,
Y370,A61,L앙카,2022-02-13,600mm & 24in,,,1687,1873,2460,2703,3489,3489,4304,4605,5992,6549,7164,7894,10410,11712,18218,22308,29744,,,,,,,,,,,,,,,,,,,,,,,,,,,,,,,,,,,,,,,,,,
Y371,A61,L앙카,2022-02-13,700mm & 28in,,,2074,2274,3017,3318,4304,4304,5119,5534,6850,7536,8180,9009,11898,13385,20635,25282,33462,,,,,,,,,,,,,,,,,,,,,,,,,,,,,,,,,,,,,,,,,,
Y372,A61,L앙카,2022-02-13,800mm & 32in,,,2360,2603,3461,3804,4919,4919,5892,6349,7708,8480,9209,10196,13385,15058,23052,28257,37180,,,,,,,,,,,,,,,,,,,,,,,,,,,,,,,,,,,,,,,,,,
Y373,A61,L앙카,2022-02-13,900mm & 36in,,,2560,2831,3890,4304,5463,5463,6549,7064,8551,9409,10225,11254,14872,16731,25468,31231,40898,,,,,,,,,,,,,,,,,,,,,,,,,,,,,,,,,,,,,,,,,,
Y374,A61,L앙카,2022-02-13,1000mm & 40in,,,3075,3375,4304,4733,6135,6135,7264,7779,9409,10368,11254,12384,16359,18404,27885,34206,44616,,,,,,,,,,,,,,,,,,,,,,,,,,,,,,,,,,,,,,,,,,
Y375,A61,L앙카,2022-02-13,1100mm & 44in,,,,,4705,5177,6692,6692,7979,8294,10267,11311,12269,13499,17846,20077,30302,37180,48334,,,,,,,,,,,,,,,,,,,,,,,,,,,,,,,,,,,,,,,,,,
Y376,A61,L앙카,2022-02-13,1200mm & 48in,,,,,5077,5591,7222,7222,8652,9009,11154,12084,13299,14643,19334,21750,32718,40154,52052,,,,,,,,,,,,,,,,,,,,,,,,,,,,,,,,,,,,,,,,,,
Y377,A61,L앙카,2022-02-13,1300mm & 52in,,,,,5534,6135,7579,7579,9352,9824,11983,13185,14314,15759,20821,23423,35135,43129,55770,,,,,,,,,,,,,,,,,,,,,,,,,,,,,,,,,,,,,,,,,,
Y378,A61,L앙카,2022-02-13,1400mm & 56in,,,,,5935,6549,8180,8180,10053,10639,12827,14128,15344,16888,22308,25097,37552,46103,59488,,,,,,,,,,,,,,,,,,,,,,,,,,,,,,,,,,,,,,,,,,
Y379,A61,L앙카,2022-02-13,1500mm & 60in,,,,,6349,6964,8795,8795,10739,11354,13685,15058,16359,18004,23795,26770,39969,49078,63206,,,,,,,,,,,,,,,,,,,,,,,,,,,,,,,,,,,,,,,,,,
Y380,A61,L앙카,2022-02-13,1600mm & 64in,,,,,,,,,11454,12269,14543,15973,17389,19148,25282,28443,42385,52052,66924,,,,,,,,,,,,,,,,,,,,,,,,,,,,,,,,,,,,,,,,,,
Y381,A61,L앙카,2022-02-13,1700mm & 68in,,,,,,,,,15764,17028,20021,21992,23925,26584,34800,39151,58242,71534,91835,,,,,,,,,,,,,,,,,,,,,,,,,,,,,,,,,,,,,,,,,,
Y382,A61,L앙카,2022-02-13,1800mm & 72in,,,,,,,,,16750,17828,21137,23256,25375,28034,36734,41326,61384,75401,96668,,,,,,,,,,,,,,,,,,,,,,,,,,,,,,,,,,,,,,,,,,
Y383,A61,L앙카,2022-02-13,1900mm & 76in,,,,,,,,,17549,18609,22234,24464,26584,29242,38667,43501,64526,79268,101501,,,,,,,,,,,,,,,,,,,,,,,,,,,,,,,,,,,,,,,,,,
Y384,A61,L앙카,2022-02-13,2000mm & 80in,,,,,,,,,18609,19947,24167,26584,29000,32625,41084,48334,67668,84585,106335,,,,,,,,,,,,,,,,,,,,,,,,,,,,,,,,,,,,,,,,,,
Y385,A62,스트롱 앙카,2022-02-13,standard,1_4,3_8 X 12,3_8 X 14,1_2,5_8,,,,,,,,,,,,,,,,,,,,,,,,,,,,,,,,,,,,,,,,,,,,,,,,,,,,,,,,
Y386,A62,스트롱 앙카,2022-02-13,스트롱 앙카,70,70,75,170,700,,,,,,,,,,,,,,,,,,,,,,,,,,,,,,,,,,,,,,,,,,,,,,,,,,,,,,,,
Y387,A64,드롭인 앙카,2022-02-13,standard,M6,M8,3_8,1_2,,,,,,,,,,,,,,,,,,,,,,,,,,,,,,,,,,,,,,,,,,,,,,,,,,,,,,,,,
Y388,A64,드롭인 앙카,2022-02-13,드롭인 앙카,65,70,70,170,,,,,,,,,,,,,,,,,,,,,,,,,,,,,,,,,,,,,,,,,,,,,,,,,,,,,,,,,
Y389,A63,스트롱 앙카 스텐,2022-02-13,standard,3/8 (스텐핀),,,,,,,,,,,,,,,,,,,,,,,,,,,,,,,,,,,,,,,,,,,,,,,,,,,,,,,,,,,,
Y390,A63,스트롱 앙카 스텐,2022-02-13,스트롱 앙카 스텐,800,,,,,,,,,,,,,,,,,,,,,,,,,,,,,,,,,,,,,,,,,,,,,,,,,,,,,,,,,,,,
Y391,A67,세트앙카,2022-02-13,standard,1_4*50,5_16*60,3_8*70,3_8*100,3_8*125,3_8*150,3_8*200,3_8*250,3_8*300,1_2*100,1_2*125,1_2*150,1_2*200,1_2*250,1_2*300,5_8*125,5_8*150,5_8*200,5_8*250,5_8*300,3_4*150,3_4*200,3_4*250,3_4*300,7_8*200,7_8*250,7_8*300,1in *200,1in *250,1in *300,,,,,,,,,,,,,,,,,,,,,,,,,,,,,,,
Y392,A67,세트앙카,2022-02-13,철,70,90,120,165,220,275,330,385,440,330,440,550,660,770,880,660,770,880,1100,1320,1100,1320,1540,1760,1870,2200,2530,2420,2750,3300,,,,,,,,,,,,,,,,,,,,,,,,,,,,,,,
Y393,A67,세트앙카,2022-02-13,SUS200,230,253,288,345,403,460,633,805,978,633,690,805,1035,1438,1725,1495,1668,1898,,,2760,3105,,,,,,,,,,,,,,,,,,,,,,,,,,,,,,,,,,,,,,,
Y394,A67,세트앙카,2022-02-13,SUS304,288,391,426,518,633,748,978,1208,1438,966,1150,1380,1725,2070,2415,2070,2530,2875,4140,4830,3565,5175,6325,7130,,,19550,18400,20700,,,,,,,,,,,,,,,,,,,,,,,,,,,,,,,,
Y395,A65,웨지앙카(스터드앙카),2022-02-13,standard,3/8*70,8*65,10*70,10*100,10*120,10*150,12*80,12*100,12*120,12*150,12*180,16*100,16*120,16*140,16*160,16*180,16*200,20*150,20*170,20*200,24*200,24*240,,,,,,,,,,,,,,,,,,,,,,,,,,,,,,,,,,,,,,,
Y396,A65,웨지앙카(스터드앙카),2022-02-13,철,100,70,120,165,220,275,253,330,440,550,660,660,770,880,990,1100,1210,1100,1210,1430,2530,3300,,,,,,,,,,,,,,,,,,,,,,,,,,,,,,,,,,,,,,,
Y397,A65,웨지앙카(스터드앙카),2022-02-13,SUS304,,650,"1,000","1,300",,,"1,450","1,650","1,600","2,200",,"2,500","2,700",,"4,000",,,,,,,,,,,,,,,,,,,,,,,,,,,,,,,,,,,,,,,,,,,,,,
Y398,A70,떠블앙카,2022-02-13,standard,3_8,1_2,M8*35,,,,,,,,,,,,,,,,,,,,,,,,,,,,,,,,,,,,,,,,,,,,,,,,,,,,,,,,,,
Y399,A70,떠블앙카,2022-02-13,떠블앙카,320,520,290,,,,,,,,,,,,,,,,,,,,,,,,,,,,,,,,,,,,,,,,,,,,,,,,,,,,,,,,,,
Y400,A71,토우앙카,2022-02-13,standard,TA-30,TA-50,TA-70,,,,,,,,,,,,,,,,,,,,,,,,,,,,,,,,,,,,,,,,,,,,,,,,,,,,,,,,,,
Y401,A71,토우앙카,2022-02-13,토우앙카,250,250,300,,,,,,,,,,,,,,,,,,,,,,,,,,,,,,,,,,,,,,,,,,,,,,,,,,,,,,,,,,
Y402,A72,세트앙카 롱캡,2022-02-13,standard,70,100,150,,,,,,,,,,,,,,,,,,,,,,,,,,,,,,,,,,,,,,,,,,,,,,,,,,,,,,,,,,
Y403,A72,세트앙카 롱캡,2022-02-13,3_8,130,180,300,,,,,,,,,,,,,,,,,,,,,,,,,,,,,,,,,,,,,,,,,,,,,,,,,,,,,,,,,,
Y404,A72,세트앙카 롱캡,2022-02-13,1_2,260,,,,,,,,,,,,,,,,,,,,,,,,,,,,,,,,,,,,,,,,,,,,,,,,,,,,,,,,,,,,
Y405,A19,연결너트,2022-02-13,standard,1_4,5_16,3_8,1_2,5_8,3_4,7_8,1in,,,,,,,,,,,,,,,,,,,,,,,,,,,,,,,,,,,,,,,,,,,,,,,,,,,,,
Y406,A19,연결너트,2022-02-13,원형,60,70,70,150,750,1500,1700,2000,,,,,,,,,,,,,,,,,,,,,,,,,,,,,,,,,,,,,,,,,,,,,,,,,,,,,
Y407,A19,연결너트,2022-02-13,육각,,,75,200,,,,,,,,,,,,,,,,,,,,,,,,,,,,,,,,,,,,,,,,,,,,,,,,,,,,,,,,,
Y408,A19,연결너트,2022-02-13,스텐,500,700,1000,1500,2700,3500,,,,,,,,,,,,,,,,,,,,,,,,,,,,,,,,,,,,,,,,,,,,,,,,,,,,,,,
Y409,A80,G코일,2022-02-13,standard,1D,1.5D,2D,2.5D,3D,,,,,,,,,,,,,,,,,,,,,,,,,,,,,,,,,,,,,,,,,,,,,,,,,,,,,,,,
Y410,A80,G코일,2022-02-13,M3,64,74,85,108,123,,,,,,,,,,,,,,,,,,,,,,,,,,,,,,,,,,,,,,,,,,,,,,,,,,,,,,,,
Y411,A80,G코일,2022-02-13,M4,64,74,85,108,123,,,,,,,,,,,,,,,,,,,,,,,,,,,,,,,,,,,,,,,,,,,,,,,,,,,,,,,,
Y412,A80,G코일,2022-02-13,M5,64,74,85,108,123,,,,,,,,,,,,,,,,,,,,,,,,,,,,,,,,,,,,,,,,,,,,,,,,,,,,,,,,
Y413,A80,G코일,2022-02-13,M6,64,74,85,108,123,,,,,,,,,,,,,,,,,,,,,,,,,,,,,,,,,,,,,,,,,,,,,,,,,,,,,,,,
Y414,A80,G코일,2022-02-13,M8,77,97,119,140,167,,,,,,,,,,,,,,,,,,,,,,,,,,,,,,,,,,,,,,,,,,,,,,,,,,,,,,,,
Y415,A80,G코일,2022-02-13,M10,97,132,160,206,238,,,,,,,,,,,,,,,,,,,,,,,,,,,,,,,,,,,,,,,,,,,,,,,,,,,,,,,,
Y416,A80,G코일,2022-02-13,M12,119,186,214,269,,,,,,,,,,,,,,,,,,,,,,,,,,,,,,,,,,,,,,,,,,,,,,,,,,,,,,,,,
Y417,A80,G코일,2022-02-13,M14,228,288,372,,,,,,,,,,,,,,,,,,,,,,,,,,,,,,,,,,,,,,,,,,,,,,,,,,,,,,,,,,
Y418,A80,G코일,2022-02-13,M16,280,361,482,673,809,,,,,,,,,,,,,,,,,,,,,,,,,,,,,,,,,,,,,,,,,,,,,,,,,,,,,,,,
Y419,A80,G코일,2022-02-13,M20,770,867,981,,,,,,,,,,,,,,,,,,,,,,,,,,,,,,,,,,,,,,,,,,,,,,,,,,,,,,,,,,
Y420,A80,G코일,2022-02-13,M24,963,1040,1194,,,,,,,,,,,,,,,,,,,,,,,,,,,,,,,,,,,,,,,,,,,,,,,,,,,,,,,,,,
Y421,A81,R핀,2022-02-13,standard,4,5,6,8,10,12,14,16,19,25,30,,,,,,,,,,,,,,,,,,,,,,,,,,,,,,,,,,,,,,,,,,,,,,,,,,
Y422,A81,R핀,2022-02-13,R핀,18,20,20,21,27,29,49,52,70,105,260,,,,,,,,,,,,,,,,,,,,,,,,,,,,,,,,,,,,,,,,,,,,,,,,,,
Y423,A82,분활핀,2022-02-13,standard,12,16,20,25,32,40,50,65,75,90,100,125,150,,,,,,,,,,,,,,,,,,,,,,,,,,,,,,,,,,,,,,,,,,,,,,,,
Y424,A82,분활핀,2022-02-13,1.2,8,8,8,10,,,,,,,,,,,,,,,,,,,,,,,,,,,,,,,,,,,,,,,,,,,,,,,,,,,,,,,,,
Y425,A82,분활핀,2022-02-13,1.6,5,5,6,7,9,13,18,,,,,,,,,,,,,,,,,,,,,,,,,,,,,,,,,,,,,,,,,,,,,,,,,,,,,,
Y426,A82,분활핀,2022-02-13,2,6,6,7,8,8,9,11,,,,,,,,,,,,,,,,,,,,,,,,,,,,,,,,,,,,,,,,,,,,,,,,,,,,,,
Y427,A82,분활핀,2022-02-13,2.5,7,7,9,9,12,14,16,19,,,,,,,,,,,,,,,,,,,,,,,,,,,,,,,,,,,,,,,,,,,,,,,,,,,,,
Y428,A82,분활핀,2022-02-13,3,9,9,10,14,16,19,,,,,,,,,,,,,,,,,,,,,,,,,,,,,,,,,,,,,,,,,,,,,,,,,,,,,,,
Y429,A82,분활핀,2022-02-13,4,,15,15,16,19,20,23,27,33,37,43,,,,,,,,,,,,,,,,,,,,,,,,,,,,,,,,,,,,,,,,,,,,,,,,,,
Y430,A82,분활핀,2022-02-13,5,,,26,30,32,34,42,47,55,61,69,86,99,,,,,,,,,,,,,,,,,,,,,,,,,,,,,,,,,,,,,,,,,,,,,,,,
Y431,A82,분활핀,2022-02-13,6,,,59,59,63,72,78,85,96,109,125,156,200,,,,,,,,,,,,,,,,,,,,,,,,,,,,,,,,,,,,,,,,,,,,,,,,
Y432,A82,분활핀,2022-02-13,8,,,,,,116,131,146,172,204,255,311,372,,,,,,,,,,,,,,,,,,,,,,,,,,,,,,,,,,,,,,,,,,,,,,,,
Y433,A82,분활핀,2022-02-13,10,,,,,,204,204,234,264,293,325,381,592,,,,,,,,,,,,,,,,,,,,,,,,,,,,,,,,,,,,,,,,,,,,,,,,
Y434,A82,분활핀,2022-02-13,12,,,,,,,,438,589,732,880,1030,1179,,,,,,,,,,,,,,,,,,,,,,,,,,,,,,,,,,,,,,,,,,,,,,,,
Y435,A82,분활핀,2022-02-13,16,,,,,,,,,1365,1508,2028,2340,2639,,,,,,,,,,,,,,,,,,,,,,,,,,,,,,,,,,,,,,,,,,,,,,,,
Y436,A82,분활핀,2022-02-13,20,,,,,,,,,,,3081,3523,3159,,,,,,,,,,,,,,,,,,,,,,,,,,,,,,,,,,,,,,,,,,,,,,,,
Y437,A11,육각너트,2022-02-13,standard,M3,M4,M5,M6,M8,M10,M12,M14,M16,M18,M20,M22,M24,M27,M30,M33,M36,,,,,,,,,,,,,,,,,,,,,,,,,,,,,,,,,,,,,,,,,,,,
Y438,A11,육각너트,2022-02-13,스텐,6,7,9,15,30,70,100,150,200,290,380,480,660,,,,,,,,,,,,,,,,,,,,,,,,,,,,,,,,,,,,,,,,,,,,,,,,
Y439,A11,육각너트,2022-02-13,일반,,,,6,12,25,35,58,81,104,127,173,230,,,,,,,,,,,,,,,,,,,,,,,,,,,,,,,,,,,,,,,,,,,,,,,,
Y440,A11,육각너트,2022-02-13,콜라,,,,11,14,30,44,66,88,127,165,209,308,495,715,935,1320,,,,,,,,,,,,,,,,,,,,,,,,,,,,,,,,,,,,,,,,,,,,
Y441,A85,육각너트 인치,2022-02-13,standard,1_4,5_16,3_8,1_2,5_8,3_4,7_8,1in,,,,,,,,,,,,,,,,,,,,,,,,,,,,,,,,,,,,,,,,,,,,,,,,,,,,,
Y442,A85,육각너트 인치,2022-02-13,스텐,23,33,40,110,200,340,600,850,,,,,,,,,,,,,,,,,,,,,,,,,,,,,,,,,,,,,,,,,,,,,,,,,,,,,
Y443,A85,육각너트 인치,2022-02-13,일반,8,14,17,40,81,115,207,345,,,,,,,,,,,,,,,,,,,,,,,,,,,,,,,,,,,,,,,,,,,,,,,,,,,,,
Y444,A85,육각너트 인치,2022-02-13,콜라,69,71,84,124,232,390,549,706,,,,,,,,,,,,,,,,,,,,,,,,,,,,,,,,,,,,,,,,,,,,,,,,,,,,,
Y445,A8,평와샤,2022-02-13,standard,M3,M4,M5,M6,M8,M10,M12,M14,M16,M18,M20,M22,M24,M27,M30,M33,M36,,,,,,,,,,,,,,,,,,,,,,,,,,,,,,,,,,,,,,,,,,,,
Y446,A8,평와샤,2022-02-13,스텐,2.5,3.5,4,7,11,22,40,50,70,90,100,110,160,,,,,,,,,,,,,,,,,,,,,,,,,,,,,,,,,,,,,,,,,,,,,,,,
Y447,A8,평와샤,2022-02-13,일반,,,,5,7,8,21,35,46,58,69,92,115,,,,,,,,,,,,,,,,,,,,,,,,,,,,,,,,,,,,,,,,,,,,,,,,
Y448,A8,평와샤,2022-02-13,콜라,,,,10,11,14,28,39,55,66,94,99,132,182,209,275,363,,,,,,,,,,,,,,,,,,,,,,,,,,,,,,,,,,,,,,,,,,,,
Y449,A7,스프링와샤,2022-02-13,standard,M3,M4,M5,M6,M8,M10,M12,M14,M16,M18,M20,M22,M24,M27,M30,M33,M36,,,,,,,,,,,,,,,,,,,,,,,,,,,,,,,,,,,,,,,,,,,,
Y450,A7,스프링와샤,2022-02-13,스텐,2,3,4,7,13,25,35,50,75,100,130,180,220,,,,,,,,,,,,,,,,,,,,,,,,,,,,,,,,,,,,,,,,,,,,,,,,
Y451,A7,스프링와샤,2022-02-13,일반,,,,3,6,9,17,23,35,46,58,69,92,,,,,,,,,,,,,,,,,,,,,,,,,,,,,,,,,,,,,,,,,,,,,,,,
Y452,A7,스프링와샤,2022-02-13,콜라,,,,4,7,11,17,22,44,55,77,88,110,143,198,253,352,,,,,,,,,,,,,,,,,,,,,,,,,,,,,,,,,,,,,,,,,,,,
Y453,A84,평와샤 인치,2022-02-13,standard,1_4,5_16,3_8,1_2,5_8,3_4,7_8,1in,,,,,,,,,,,,,,,,,,,,,,,,,,,,,,,,,,,,,,,,,,,,,,,,,,,,,
Y454,A84,평와샤 인치,2022-02-13,일반,5,7,8,21,46,69,92,115,,,,,,,,,,,,,,,,,,,,,,,,,,,,,,,,,,,,,,,,,,,,,,,,,,,,,
Y455,A84,평와샤 인치,2022-02-13,스텐,7,11,22,40,70,100,110,160,,,,,,,,,,,,,,,,,,,,,,,,,,,,,,,,,,,,,,,,,,,,,,,,,,,,,
Y456,A84,평와샤 인치,2022-02-13,콜라,10,11,14,28,55,94,99,132,,,,,,,,,,,,,,,,,,,,,,,,,,,,,,,,,,,,,,,,,,,,,,,,,,,,,
Y457,A83,스프링와샤 인치,2022-02-13,standard,1_4,5_16,3_8,1_2,5_8,3_4,7_8,1in,,,,,,,,,,,,,,,,,,,,,,,,,,,,,,,,,,,,,,,,,,,,,,,,,,,,,
Y458,A83,스프링와샤 인치,2022-02-13,일반,3,6,9,17,35,58,69,92,,,,,,,,,,,,,,,,,,,,,,,,,,,,,,,,,,,,,,,,,,,,,,,,,,,,,
Y459,A83,스프링와샤 인치,2022-02-13,스텐,7,13,25,35,75,130,190,220,,,,,,,,,,,,,,,,,,,,,,,,,,,,,,,,,,,,,,,,,,,,,,,,,,,,,
Y460,A83,스프링와샤 인치,2022-02-13,콜라,4,7,11,22,44,77,88,110,,,,,,,,,,,,,,,,,,,,,,,,,,,,,,,,,,,,,,,,,,,,,,,,,,,,,
Y461,A10,대와샤 도금,2022-02-13,standard,16,18,20,22,25,26,28,30,32,35,40,50,58,70,90,,,,,,,,,,,,,,,,,,,,,,,,,,,,,,,,,,,,,,,,,,,,,,
Y462,A10,대와샤 도금,2022-02-13,M4,5,,,,,,,,,,,,,,,,,,,,,,,,,,,,,,,,,,,,,,,,,,,,,,,,,,,,,,,,,,,,
Y463,A10,대와샤 도금,2022-02-13,M5,5,,,,,,,,,,,,,,,,,,,,,,,,,,,,,,,,,,,,,,,,,,,,,,,,,,,,,,,,,,,,
Y464,A10,대와샤 도금,2022-02-13,M6,,7,8,,18,,,29,,,,,,,,,,,,,,,,,,,,,,,,,,,,,,,,,,,,,,,,,,,,,,,,,,,,,
Y465,A10,대와샤 도금,2022-02-13,M8,,,,12,18,,,30,,43,70,,,,,,,,,,,,,,,,,,,,,,,,,,,,,,,,,,,,,,,,,,,,,,,,,,
Y466,A10,대와샤 도금,2022-02-13,M10,,,,,,18,22,29,,43,70,125,170,235,380,,,,,,,,,,,,,,,,,,,,,,,,,,,,,,,,,,,,,,,,,,,,,,
Y467,A10,대와샤 도금,2022-02-13,M12,,,,,,,,,35,70,,125,170,235,380,,,,,,,,,,,,,,,,,,,,,,,,,,,,,,,,,,,,,,,,,,,,,,
Y468,A10,대와샤 도금,2022-02-13,M16,,,,,,,,,,,77,109,160,238,390,,,,,,,,,,,,,,,,,,,,,,,,,,,,,,,,,,,,,,,,,,,,,,
Y469,A10,대와샤 도금,2022-02-13,M20,,,,,,,,,,,,115,160,240,390,,,,,,,,,,,,,,,,,,,,,,,,,,,,,,,,,,,,,,,,,,,,,,
Y470,A10,대와샤 도금,2022-02-13,M22,,,,,,,,,,,,115,160,240,390,,,,,,,,,,,,,,,,,,,,,,,,,,,,,,,,,,,,,,,,,,,,,,
Y471,A10,대와샤 도금,2022-02-13,M24,,,,,,,,,,,,,160,280,390,,,,,,,,,,,,,,,,,,,,,,,,,,,,,,,,,,,,,,,,,,,,,,
Y472,A9,대와샤 스텐,2022-02-13,standard,16,18,20,22,25,26,28,30,32,35,40,50,58,70,90,,,,,,,,,,,,,,,,,,,,,,,,,,,,,,,,,,,,,,,,,,,,,,
Y473,A9,대와샤 스텐,2022-02-13,M4,9,,,,,,,,,,,,,,,,,,,,,,,,,,,,,,,,,,,,,,,,,,,,,,,,,,,,,,,,,,,,
Y474,A9,대와샤 스텐,2022-02-13,M5,9,,,,,,,,,,,,,,,,,,,,,,,,,,,,,,,,,,,,,,,,,,,,,,,,,,,,,,,,,,,,
Y475,A9,대와샤 스텐,2022-02-13,M6,,12,16,,33,,,49,,,,,,,,,,,,,,,,,,,,,,,,,,,,,,,,,,,,,,,,,,,,,,,,,,,,,
Y476,A9,대와샤 스텐,2022-02-13,M8,,,,28,35,,,90,,120,150,,,,,,,,,,,,,,,,,,,,,,,,,,,,,,,,,,,,,,,,,,,,,,,,,,
Y477,A9,대와샤 스텐,2022-02-13,M10,,,,,,30,45,50,,85,150,300,370,550,845,,,,,,,,,,,,,,,,,,,,,,,,,,,,,,,,,,,,,,,,,,,,,,
Y478,A9,대와샤 스텐,2022-02-13,M12,,,,,,,,,100,,130,300,370,550,845,,,,,,,,,,,,,,,,,,,,,,,,,,,,,,,,,,,,,,,,,,,,,,
Y479,A9,대와샤 스텐,2022-02-13,M16,,,,,,,,,,,250,300,370,520,845,,,,,,,,,,,,,,,,,,,,,,,,,,,,,,,,,,,,,,,,,,,,,,
Y480,A9,대와샤 스텐,2022-02-13,M20,,,,,,,,,,,,300,370,520,845,,,,,,,,,,,,,,,,,,,,,,,,,,,,,,,,,,,,,,,,,,,,,,
Y481,A9,대와샤 스텐,2022-02-13,M22,,,,,,,,,,,,300,370,520,845,,,,,,,,,,,,,,,,,,,,,,,,,,,,,,,,,,,,,,,,,,,,,,
Y482,A9,대와샤 스텐,2022-02-13,M24,,,,,,,,,,,,,370,520,845,,,,,,,,,,,,,,,,,,,,,,,,,,,,,,,,,,,,,,,,,,,,,,
